timestamp,usage,kernel,nice,idle,io,hardware_interrupts,software_interrupts,steal_time
2020-04-16 11:46:01,10.5,2.5,0.0,46.5,0.0,0.0,0.0,40.5
2020-04-16 11:47:02,12.9,7.3,0.0,53.2,0.0,0.0,0.0,26.6
2020-04-16 11:48:01,8.6,3.3,0.0,52.0,0.0,0.0,0.7,35.5
2020-04-16 11:49:01,11.9,3.8,0.0,45.3,0.0,0.0,0.6,38.4
2020-04-16 11:50:02,7.3,3.7,0.0,12.8,0.0,0.0,0.6,75.6
2020-04-16 11:51:02,11.3,3.8,0.0,62.4,0.0,0.0,0.8,21.8
2020-04-16 11:52:01,9.0,4.5,0.0,68.7,0.0,0.0,0.7,17.2
2020-04-16 11:53:01,13.3,5.3,0.0,69.0,0.0,0.0,0.0,12.4
2020-04-16 11:54:01,9.4,4.4,0.0,39.0,0.0,0.0,0.6,46.5
2020-04-16 11:55:01,8.8,7.3,0.0,43.1,0.0,0.0,0.7,40.1
2020-04-16 11:56:01,8.5,5.4,0.0,56.2,2.3,0.0,0.0,27.7
2020-04-16 11:57:02,9.5,5.6,0.0,52.4,0.8,0.0,0.0,31.7
2020-04-16 11:58:01,11.6,5.8,0.0,64.5,0.0,0.0,0.0,18.2
2020-04-16 11:59:01,7.1,5.7,0.0,48.6,0.0,0.0,0.7,37.9
2020-04-16 12:00:02,9.7,5.3,0.0,8.1,2.8,0.0,0.0,74.1
2020-04-16 12:01:02,3.8,2.6,0.0,34.2,3.8,0.0,0.0,55.6
2020-04-16 12:02:02,8.7,4.7,0.0,56.7,11.0,0.0,0.0,18.9
2020-04-16 12:03:01,8.3,8.3,0.0,53.8,0.0,0.0,0.0,29.6
2020-04-16 12:04:01,10.8,4.6,0.0,40.8,0.0,0.0,0.8,43.1
2020-04-16 12:05:02,8.5,4.9,0.0,34.1,0.0,0.0,0.6,51.8
2020-04-16 12:06:01,10.5,4.9,0.0,45.5,0.0,0.0,0.0,39.2
2020-04-16 12:07:01,8.3,4.6,0.0,76.1,0.0,0.0,0.0,11.0
2020-04-16 12:08:02,6.9,4.6,0.0,64.1,0.0,0.0,0.8,23.7
2020-04-16 12:09:00,10.2,8.6,0.0,51.6,2.3,0.0,0.0,27.3
2020-04-16 12:10:02,11.5,4.6,0.0,57.3,0.0,0.0,0.0,26.7
2020-04-16 12:11:01,8.7,4.4,0.0,54.1,0.0,0.0,0.0,32.8
2020-04-16 12:12:01,7.6,4.9,0.0,56.5,0.0,0.0,0.5,30.4
2020-04-16 12:13:02,9.5,3.6,0.0,54.8,0.0,0.0,0.0,32.1
2020-04-16 12:14:01,9.0,5.8,0.0,41.3,0.0,0.0,0.5,43.4
2020-04-16 12:15:02,14.4,9.4,0.0,13.7,0.0,0.0,0.0,62.6
2020-04-16 12:16:01,9.8,6.0,0.0,36.1,0.0,0.0,0.0,48.1
2020-04-16 12:17:01,11.9,5.6,0.0,37.3,0.0,0.0,0.0,45.2
2020-04-16 12:18:02,7.3,5.1,0.0,48.9,0.0,0.0,0.0,38.8
2020-04-16 12:19:01,6.7,3.6,0.0,45.6,0.0,0.0,0.0,44.1
2020-04-16 12:20:02,7.4,5.7,0.0,17.0,0.0,0.0,1.1,68.8
2020-04-16 12:21:01,15.0,4.2,0.0,69.2,0.0,0.0,1.7,10.0
2020-04-16 12:22:01,8.3,3.2,0.0,44.0,0.0,0.0,0.0,44.4
2020-04-16 12:23:02,8.2,4.1,0.0,53.7,0.0,0.0,0.0,34.0
2020-04-16 12:24:01,7.4,3.5,0.0,52.4,0.0,0.0,0.4,36.4
2020-04-16 12:25:01,9.6,4.8,0.0,61.6,0.0,0.0,0.0,24.0
2020-04-16 12:26:01,9.3,5.4,0.0,58.1,0.0,0.0,0.8,26.4
2020-04-16 12:27:01,9.3,6.5,0.0,75.0,0.0,0.0,0.0,9.3
2020-04-16 12:28:01,9.1,6.1,0.0,46.1,0.0,0.0,0.6,38.2
2020-04-16 12:29:02,9.0,6.0,0.0,53.7,0.0,0.0,0.7,30.6
2020-04-16 12:30:01,15.4,11.2,0.0,29.0,0.0,0.0,0.0,44.4
2020-04-16 12:31:01,7.5,4.1,0.0,63.0,0.0,0.0,0.0,25.3
2020-04-16 12:32:01,9.6,4.8,0.0,58.1,0.0,0.0,0.0,27.5
2020-04-16 12:33:02,7.5,5.0,0.0,53.1,0.0,0.0,0.0,34.4
2020-04-16 12:34:01,6.3,6.3,0.0,59.1,0.0,0.0,0.6,27.7
2020-04-16 12:35:02,9.5,7.5,0.0,33.7,0.0,0.0,0.5,48.7
2020-04-16 12:36:01,9.1,7.4,0.0,66.1,0.0,0.0,0.8,16.5
2020-04-16 12:37:02,8.7,4.7,0.0,39.6,0.0,0.0,1.3,45.6
2020-04-16 12:38:01,11.7,3.6,0.0,74.8,0.0,0.0,0.0,9.9
2020-04-16 12:39:01,11.6,4.9,0.0,34.8,0.0,0.0,0.6,48.2
2020-04-16 12:40:02,10.6,4.3,0.0,41.1,0.0,0.0,0.0,44.0
2020-04-16 12:41:02,8.5,5.2,0.0,52.9,0.0,0.0,0.7,32.7
2020-04-16 12:42:01,7.3,5.5,0.0,73.6,0.0,0.0,0.9,12.7
2020-04-16 12:43:01,7.7,4.8,0.0,63.7,0.0,0.0,0.0,23.8
2020-04-16 12:44:01,10.8,3.3,0.0,59.2,0.0,0.0,0.8,25.8
2020-04-16 12:45:01,13.0,7.7,0.0,12.6,0.0,0.0,1.0,65.7
2020-04-16 12:46:01,11.2,4.8,0.0,58.4,0.0,0.0,0.8,24.8
2020-04-16 12:47:01,8.9,5.7,0.0,63.9,0.0,0.0,1.3,20.3
2020-04-16 12:48:01,10.1,2.9,0.0,61.2,0.0,0.0,0.0,25.9
2020-04-16 12:49:02,10.0,6.7,0.0,56.7,0.0,0.0,0.8,25.8
2020-04-16 12:50:01,12.0,3.8,0.0,45.9,0.0,0.0,0.0,38.3
2020-04-16 12:51:02,9.8,3.1,0.0,33.0,0.0,0.0,1.0,53.1
2020-04-16 12:52:01,7.4,3.2,0.0,37.0,0.0,0.0,0.0,52.4
2020-04-16 12:53:02,9.1,6.1,0.0,45.5,0.0,0.0,0.0,39.4
2020-04-16 12:54:01,9.2,4.6,0.0,56.9,0.0,0.0,1.5,27.7
2020-04-16 12:55:02,5.1,6.1,0.0,12.1,0.0,0.0,0.5,76.2
2020-04-16 12:56:02,7.5,4.5,0.0,56.7,4.5,0.0,0.7,26.1
2020-04-16 12:57:01,8.2,3.3,0.0,56.6,0.0,0.0,0.8,31.1
2020-04-16 12:58:01,8.5,4.7,0.0,58.1,0.0,0.0,0.0,28.7
2020-04-16 12:59:01,9.0,4.5,0.0,61.5,0.0,0.0,0.0,25.0
2020-04-16 13:00:02,10.8,5.4,0.0,16.2,1.2,0.0,0.0,66.5
2020-04-16 13:01:02,8.9,3.2,0.0,17.4,0.0,0.0,0.0,70.5
2020-04-16 13:02:01,7.4,2.0,0.0,38.9,0.0,0.0,0.0,51.7
2020-04-16 13:03:01,8.5,3.4,0.0,69.2,0.0,0.0,0.0,18.8
2020-04-16 13:04:02,10.2,5.6,0.0,47.2,0.0,0.0,0.0,37.1
2020-04-16 13:05:02,7.2,4.6,0.0,29.4,0.0,0.0,0.0,58.8
2020-04-16 13:06:01,7.6,2.8,0.0,54.9,0.0,0.0,0.0,34.7
2020-04-16 13:07:01,19.1,5.2,0.0,47.0,0.0,0.0,0.0,28.7
2020-04-16 13:08:02,7.6,5.6,0.0,61.1,0.0,0.0,1.4,24.3
2020-04-16 13:09:01,12.9,8.6,0.0,41.7,0.0,0.0,1.4,35.3
2020-04-16 13:10:01,12.0,3.8,0.0,55.1,0.0,0.0,0.6,28.5
2020-04-16 13:11:02,14.9,6.3,0.0,35.6,0.0,0.0,0.6,42.5
2020-04-16 13:12:01,9.5,4.8,0.0,65.9,0.0,0.0,0.0,19.8
2020-04-16 13:13:02,9.2,4.2,0.0,41.5,0.0,0.0,0.7,44.4
2020-04-16 13:14:01,10.5,6.4,0.0,49.7,0.0,0.0,0.0,33.3
2020-04-16 13:15:01,24.8,9.0,0.0,18.8,0.0,0.0,1.5,45.9
2020-04-16 13:16:01,8.6,4.1,0.0,41.6,3.0,0.0,0.5,42.1
2020-04-16 13:17:01,20.0,5.2,0.0,61.7,0.0,0.0,0.0,13.0
2020-04-16 13:18:01,6.8,4.5,0.0,30.0,0.5,0.0,0.9,57.3
2020-04-16 13:19:02,10.6,4.1,0.0,38.8,0.0,0.0,1.2,45.3
2020-04-16 13:20:01,9.7,4.0,0.0,29.5,1.1,0.0,0.6,55.1
2020-04-16 13:21:02,10.1,3.6,0.0,40.5,0.0,0.0,0.6,45.2
2020-04-16 13:22:01,6.7,3.9,0.0,49.4,0.0,0.0,0.0,40.0
2020-04-16 13:23:02,6.0,1.8,0.0,42.4,0.5,0.0,0.0,49.3
2020-04-16 13:24:02,7.7,3.3,0.0,49.7,0.0,0.0,0.0,39.2
2020-04-16 13:25:01,12.5,3.3,0.0,66.7,0.0,0.0,0.0,17.5
2020-04-16 13:26:01,9.8,4.9,0.0,69.7,0.0,0.0,0.0,15.6
2020-04-16 13:27:02,32.1,6.6,0.0,21.9,0.0,0.0,0.0,39.4
2020-04-16 13:28:01,14.7,6.0,0.0,29.4,0.0,0.0,0.5,49.5
2020-04-16 13:29:01,31.9,4.2,0.0,47.1,0.0,0.0,0.0,16.8
2020-04-16 13:30:02,15.9,11.1,2.9,3.4,0.0,0.0,0.0,66.8
2020-04-16 13:31:01,26.8,10.2,13.4,33.1,0.0,0.0,0.0,16.5
2020-04-16 13:32:01,23.1,5.8,39.7,0.0,0.0,0.0,0.0,31.4
2020-04-16 13:33:02,21.6,5.4,31.5,0.0,0.0,0.0,0.9,40.5
2020-04-16 13:34:01,19.8,5.2,46.6,3.4,0.0,0.0,0.0,25.0
2020-04-16 13:35:01,12.3,6.5,24.5,0.0,0.0,0.0,0.0,56.8
2020-04-16 13:36:01,23.1,7.7,34.2,2.6,0.0,0.0,0.0,32.5
2020-04-16 13:37:01,22.0,4.6,34.9,0.0,0.0,0.0,0.0,38.5
2020-04-16 13:38:02,19.0,5.6,40.5,1.6,0.0,0.0,0.0,33.3
2020-04-16 13:39:01,22.2,8.9,34.2,1.9,0.0,0.0,0.6,32.3
2020-04-16 13:40:02,20.5,7.9,29.1,0.8,0.0,0.0,0.0,41.7
2020-04-16 13:41:01,14.3,5.4,44.6,3.6,0.0,0.0,0.0,32.1
2020-04-16 13:42:02,18.5,5.6,50.0,2.8,0.0,0.0,0.9,22.2
2020-04-16 13:43:01,18.5,6.5,0.0,67.6,0.0,0.0,0.9,6.5
2020-04-16 13:44:01,18.0,3.0,0.0,55.6,0.0,0.0,0.0,23.3
2020-04-16 13:45:02,20.2,6.6,0.0,2.8,0.0,0.0,0.0,70.4
2020-04-16 13:46:02,23.4,5.7,0.0,26.9,0.0,0.0,0.6,43.4
2020-04-16 13:47:01,16.7,2.9,0.0,75.5,0.0,0.0,2.0,2.9
2020-04-16 13:48:01,14.0,3.5,0.0,68.4,0.0,0.0,0.0,14.0
2020-04-16 13:49:02,27.4,4.3,0.0,38.5,0.0,0.0,0.9,29.1
2020-04-16 13:50:01,43.3,2.9,0.0,48.1,0.0,0.0,1.0,4.8
2020-04-16 13:51:01,20.8,5.0,15.8,56.4,0.0,0.0,0.0,2.0
2020-04-16 13:52:02,19.2,8.4,30.5,4.8,0.0,0.0,0.0,37.1
2020-04-16 13:53:01,26.4,7.5,61.3,2.8,0.0,0.0,0.0,1.9
2020-04-16 13:54:01,21.3,6.6,14.8,45.1,0.0,0.0,0.8,11.5
2020-04-16 13:55:01,19.8,9.9,9.9,19.0,0.8,0.0,0.8,39.7
2020-04-16 13:56:02,18.5,3.1,6.9,25.4,1.5,0.0,0.0,44.6
2020-04-16 13:57:01,31.6,7.7,12.8,35.9,0.0,0.0,0.0,12.0
2020-04-16 13:58:02,18.4,5.5,23.9,1.2,0.0,0.0,0.0,50.9
2020-04-16 13:59:01,17.6,8.3,26.9,39.8,0.9,0.0,0.0,6.5
2020-04-16 14:00:01,20.0,6.4,30.4,0.0,10.4,0.0,0.0,32.8
2020-04-16 14:01:01,22.7,7.6,49.6,3.4,0.0,0.0,0.0,16.8
2020-04-16 14:02:01,21.7,5.2,54.8,2.6,0.0,0.0,0.0,15.7
2020-04-16 14:03:02,13.6,6.8,47.5,0.8,0.0,0.0,0.0,31.4
2020-04-16 14:04:01,19.8,4.8,53.5,0.5,0.0,0.0,0.0,21.4
2020-04-16 14:05:01,16.9,6.8,46.6,1.7,0.0,0.0,0.8,27.1
2020-04-16 14:06:01,21.9,4.4,68.4,1.8,0.0,0.0,0.0,3.5
2020-04-16 14:07:01,22.1,4.4,57.5,2.7,0.0,0.0,0.9,12.4
2020-04-16 14:08:01,17.2,5.2,46.6,1.7,0.0,0.0,0.0,29.3
2020-04-16 14:09:02,18.2,4.4,28.5,0.0,0.0,0.0,0.0,48.9
2020-04-16 14:10:01,19.9,9.6,36.5,1.3,0.0,0.0,0.0,32.7
2020-04-16 14:11:01,24.0,3.9,40.3,0.0,0.0,0.0,0.0,31.8
2020-04-16 14:12:01,18.5,8.4,61.3,3.4,0.0,0.0,0.0,8.4
2020-04-16 14:13:02,16.1,5.8,45.8,0.0,0.0,0.0,0.6,31.6
2020-04-16 14:14:01,22.7,10.6,51.1,1.4,0.0,0.0,0.0,14.2
2020-04-16 14:15:02,18.0,7.8,8.4,0.0,0.3,0.0,0.0,65.5
2020-04-16 14:16:01,21.5,8.3,39.7,3.3,0.8,0.0,0.0,26.4
2020-04-16 14:17:02,17.4,9.0,43.8,2.1,0.0,0.0,0.0,27.8
2020-04-16 14:18:01,14.4,6.4,4.8,19.2,0.8,0.0,0.0,54.4
2020-04-16 14:19:01,20.3,4.1,6.5,35.8,0.0,0.0,0.8,32.5
2020-04-16 14:20:01,13.3,8.6,64.8,1.9,0.0,0.0,1.0,10.5
2020-04-16 14:21:01,17.6,2.4,48.0,1.6,0.0,0.0,0.8,29.6
2020-04-16 14:22:02,23.9,5.1,39.3,3.4,0.0,0.0,0.0,28.2
2020-04-16 14:23:01,16.1,4.5,53.5,1.9,0.0,0.0,0.6,23.2
2020-04-16 14:24:01,24.1,6.0,37.9,0.9,0.0,0.0,0.0,31.0
2020-04-16 14:25:01,14.6,6.9,10.0,45.4,0.8,0.0,0.0,22.3
2020-04-16 14:26:02,20.3,7.4,42.6,9.5,0.0,0.0,0.0,20.3
2020-04-16 14:27:01,14.6,4.2,22.2,8.3,16.7,0.0,0.0,34.0
2020-04-16 14:28:01,34.8,4.5,22.3,0.9,0.0,0.0,0.0,37.5
2020-04-16 14:29:02,19.5,10.0,17.3,5.5,0.9,0.0,0.9,45.9
2020-04-16 14:30:01,27.7,10.8,16.2,5.4,0.0,0.0,0.0,39.9
2020-04-16 14:31:01,17.6,5.6,60.8,4.0,0.8,0.0,0.0,11.2
2020-04-16 14:32:01,26.1,8.2,36.6,4.5,0.0,0.0,0.0,24.6
2020-04-16 14:33:02,13.1,6.2,26.9,0.7,0.0,0.0,0.0,53.1
2020-04-16 14:34:01,24.3,4.7,61.7,1.9,0.0,0.0,0.0,7.5
2020-04-16 14:35:01,24.3,9.6,47.1,2.2,0.0,0.0,0.0,16.9
2020-04-16 14:36:02,22.2,9.6,30.4,3.0,0.0,0.0,0.0,34.8
2020-04-16 14:37:01,24.8,3.4,42.7,0.9,0.0,0.0,0.0,28.2
2020-04-16 14:38:01,14.3,4.1,0.0,57.1,0.0,0.0,0.7,23.8
2020-04-16 14:39:01,20.9,10.9,0.0,37.3,0.0,0.0,0.0,30.9
2020-04-16 14:40:02,15.2,7.0,0.0,25.9,0.0,0.0,0.0,51.9
2020-04-16 14:41:01,23.7,4.6,0.0,46.6,0.8,0.0,0.8,23.7
2020-04-16 14:42:01,19.1,3.6,0.0,62.7,0.0,0.0,0.0,14.5
2020-04-16 14:43:02,17.3,4.3,0.0,51.1,0.0,0.0,0.7,26.6
2020-04-16 14:44:01,17.5,5.6,0.0,55.6,0.0,0.0,1.6,19.8
2020-04-16 14:45:01,36.4,14.5,0.0,20.0,0.0,0.0,0.0,29.1
2020-04-16 14:46:01,14.1,4.7,0.0,52.3,0.0,0.0,0.0,28.9
2020-04-16 14:47:01,22.7,3.0,0.0,50.0,0.0,0.0,0.0,24.2
2020-04-16 14:48:01,20.0,4.6,0.0,57.7,0.0,0.0,0.0,17.7
2020-04-16 14:49:01,19.8,4.3,0.0,55.2,0.0,0.0,0.0,20.7
2020-04-16 14:50:02,14.1,4.2,0.0,41.5,0.0,0.0,0.0,40.1
2020-04-16 14:51:01,13.8,5.7,0.0,44.0,0.0,0.0,0.6,35.8
2020-04-16 14:52:01,18.1,3.6,0.0,58.7,0.0,0.0,1.4,18.1
2020-04-16 14:53:02,13.7,5.8,0.0,42.4,0.0,0.0,1.4,36.7
2020-04-16 14:54:02,17.4,7.4,0.0,38.9,0.0,0.0,2.0,34.2
2020-04-16 14:55:01,25.6,17.7,0.0,23.8,0.6,0.0,0.6,31.7
2020-04-16 14:56:01,29.5,7.4,0.0,36.1,4.1,0.0,0.0,23.0
2020-04-16 14:57:01,17.2,6.0,0.0,63.8,0.0,0.0,0.0,12.9
2020-04-16 14:58:02,20.4,7.3,0.0,32.1,0.0,0.0,0.7,39.4
2020-04-16 14:59:01,20.0,7.0,0.0,62.6,0.0,0.0,0.0,10.4
2020-04-16 15:00:02,16.6,8.1,0.0,13.5,0.9,0.0,0.0,61.0
2020-04-16 15:01:02,23.5,5.1,0.0,37.5,0.0,0.0,0.0,33.8
2020-04-16 15:02:01,22.9,4.6,0.0,65.1,0.0,0.0,0.0,7.3
2020-04-16 15:03:01,23.0,6.3,0.0,35.7,0.0,0.0,0.8,34.1
2020-04-16 15:04:02,20.9,5.1,0.0,34.2,0.0,0.0,0.6,39.2
2020-04-16 15:05:01,19.0,5.1,0.0,51.1,0.0,0.0,0.7,24.1
2020-04-16 15:06:01,19.2,6.6,0.0,35.1,0.0,0.0,1.3,37.7
2020-04-16 15:07:02,27.7,4.1,0.0,43.2,0.0,0.0,0.7,24.3
2020-04-16 15:08:01,16.7,2.9,0.0,56.5,0.0,0.0,0.7,23.2
2020-04-16 15:09:01,14.1,5.5,0.0,39.1,0.8,0.0,0.8,39.8
2020-04-16 15:10:02,20.0,2.9,0.0,33.1,0.0,0.0,0.6,43.4
2020-04-16 15:11:01,19.3,3.7,0.0,64.2,0.0,0.0,0.0,12.8
2020-04-16 15:12:01,17.2,4.3,0.0,62.1,0.0,0.0,0.9,15.5
2020-04-16 15:13:02,19.9,3.5,0.0,46.8,0.0,0.0,0.7,29.1
2020-04-16 15:14:01,20.0,5.5,0.0,65.5,0.0,0.0,0.0,9.1
2020-04-16 15:15:01,20.9,7.7,0.0,8.7,0.0,0.0,0.0,62.8
2020-04-16 15:16:02,14.9,5.4,0.0,43.5,0.0,0.0,0.0,36.3
2020-04-16 15:17:01,20.7,3.3,0.0,61.2,0.0,0.0,0.0,14.9
2020-04-16 15:18:01,18.0,6.3,0.0,63.1,0.0,0.0,0.0,12.6
2020-04-16 15:19:01,24.6,5.9,0.0,52.5,0.0,0.0,0.8,16.1
2020-04-16 15:20:02,16.9,5.6,0.0,53.5,0.7,0.0,1.4,21.8
2020-04-16 15:21:01,13.7,4.6,0.0,54.2,0.0,0.0,0.8,26.7
2020-04-16 15:22:01,26.3,7.6,0.0,35.6,0.0,0.0,0.0,30.5
2020-04-16 15:23:01,18.9,5.4,0.0,66.7,0.0,0.0,0.0,9.0
2020-04-16 15:24:01,18.1,5.7,0.0,69.5,0.0,0.0,0.0,6.7
2020-04-16 15:25:01,16.7,5.0,0.0,59.2,0.0,0.0,0.0,19.2
2020-04-16 15:26:02,14.2,4.5,0.0,31.3,0.0,0.0,0.7,49.3
2020-04-16 15:27:01,19.2,4.0,0.0,51.2,0.0,0.0,0.0,25.6
2020-04-16 15:28:01,15.0,5.3,0.0,65.5,0.0,0.0,0.0,14.2
2020-04-16 15:29:01,20.4,9.3,0.0,65.7,0.0,0.0,0.9,3.7
2020-04-16 15:30:02,21.0,7.8,0.0,10.2,0.0,0.0,0.0,61.1
2020-04-16 15:31:01,22.5,3.6,0.0,63.1,0.0,0.0,0.0,10.8
2020-04-16 15:32:01,19.6,1.8,0.0,67.0,0.0,0.0,0.9,10.7
2020-04-16 15:33:01,18.3,3.5,0.0,59.1,0.0,0.0,0.9,18.3
2020-04-16 15:34:02,16.5,8.7,0.0,48.7,0.0,0.0,0.0,26.1
2020-04-16 15:35:01,21.9,8.6,0.0,43.7,0.0,0.0,0.0,25.8
2020-04-16 15:36:01,18.4,3.2,0.0,37.6,0.0,0.0,0.8,40.0
2020-04-16 15:37:01,22.6,5.6,0.0,55.6,0.0,0.0,0.8,15.3
2020-04-16 15:38:02,14.3,2.3,0.0,30.3,0.0,0.0,0.6,52.6
2020-04-16 15:39:02,21.4,6.3,0.0,34.0,0.0,0.0,0.6,37.7
2020-04-16 15:40:01,15.3,3.9,0.0,35.8,0.0,0.0,0.4,44.5
2020-04-16 15:41:01,19.3,3.5,0.0,65.8,0.0,0.0,0.9,10.5
2020-04-16 15:42:02,27.2,3.7,0.0,47.1,0.0,0.0,0.0,22.1
2020-04-16 15:43:01,24.1,3.6,0.0,65.2,0.0,0.0,0.0,7.1
2020-04-16 15:44:01,18.0,3.0,0.0,60.9,0.0,0.0,0.0,18.0
2020-04-16 15:45:02,35.6,8.4,0.0,11.5,0.0,0.0,0.5,44.0
2020-04-16 15:46:02,18.4,5.1,0.0,44.1,0.7,0.0,0.7,30.9
2020-04-16 15:47:01,22.4,3.2,0.0,52.8,0.0,0.0,0.0,21.6
2020-04-16 15:48:01,25.4,5.9,0.0,55.1,0.0,0.0,0.8,12.7
2020-04-16 15:49:02,24.1,7.8,0.0,48.3,0.0,0.0,0.0,19.8
2020-04-16 15:50:01,19.8,11.5,0.0,11.5,0.5,0.0,0.0,56.7
2020-04-16 15:51:01,18.3,3.3,0.0,55.8,0.0,0.0,0.0,22.5
2020-04-16 15:52:02,20.7,8.1,0.0,58.6,0.0,0.0,1.8,10.8
2020-04-16 15:53:01,21.2,4.8,0.0,68.3,0.0,0.0,0.0,5.8
2020-04-16 15:54:01,19.4,2.9,0.0,71.8,0.0,0.0,1.0,4.9
2020-04-16 15:55:02,12.2,22.1,0.0,27.5,0.8,0.0,0.0,37.4
2020-04-16 15:56:01,20.2,8.4,0.0,46.2,7.6,0.0,0.8,16.8
2020-04-16 15:57:01,18.0,3.6,0.0,64.9,0.0,0.0,0.0,13.5
2020-04-16 15:58:02,20.6,2.8,0.0,65.4,0.0,0.0,0.9,10.3
2020-04-16 15:59:01,20.0,5.0,0.0,60.8,0.0,0.0,0.0,14.2
2020-04-16 16:00:01,25.0,13.8,0.0,25.0,4.3,0.0,0.0,31.9
2020-04-16 16:01:02,18.9,4.5,0.0,55.9,0.0,0.0,0.0,20.7
2020-04-16 16:02:01,19.8,5.9,0.0,70.3,0.0,0.0,0.0,4.0
2020-04-16 16:03:01,16.7,5.3,0.0,59.6,0.0,0.0,0.0,18.4
2020-04-16 16:04:01,22.0,6.0,0.0,71.0,0.0,0.0,0.0,1.0
2020-04-16 16:05:02,23.8,4.8,0.0,2.4,0.0,0.0,0.0,69.0
2020-04-16 16:06:01,26.0,6.0,0.0,66.0,0.0,0.0,1.0,1.0
2020-04-16 16:07:01,17.6,3.1,0.0,39.7,0.0,0.0,0.0,39.7
2020-04-16 16:08:02,21.0,6.7,0.0,44.5,0.0,0.0,0.0,27.7
2020-04-16 16:09:01,19.6,6.1,0.0,33.1,1.4,0.0,0.0,39.9
2020-04-16 16:10:02,14.5,3.7,0.0,27.7,0.0,0.0,0.8,53.3
2020-04-16 16:11:01,17.3,5.3,0.0,57.9,0.0,0.0,1.5,18.0
2020-04-16 16:12:01,22.2,6.5,0.0,63.0,0.0,0.0,0.9,7.4
2020-04-16 16:13:02,20.0,5.2,0.0,58.3,0.0,0.0,0.0,16.5
2020-04-16 16:14:01,19.6,6.2,0.0,61.6,0.0,0.0,0.0,12.5
2020-04-16 16:15:01,41.4,13.8,0.0,33.6,0.0,0.0,0.0,11.2
2020-04-16 16:16:02,21.2,8.0,0.0,60.2,0.0,0.0,0.0,10.6
2020-04-16 16:17:01,21.1,3.7,0.0,67.0,0.0,0.0,0.0,8.3
2020-04-16 16:18:01,19.6,5.9,0.0,72.5,0.0,0.0,1.0,1.0
2020-04-16 16:19:01,22.3,7.1,0.0,56.2,0.0,0.0,0.0,14.3
2020-04-16 16:20:02,15.1,2.2,0.0,27.3,0.0,0.0,0.7,54.7
2020-04-16 16:21:01,18.7,3.6,0.0,25.8,0.0,0.0,0.0,52.0
2020-04-16 16:22:02,17.7,5.1,0.0,41.1,0.0,0.0,0.6,35.4
2020-04-16 16:23:01,25.0,5.9,0.0,45.6,0.0,0.0,0.0,23.5
2020-04-16 16:24:01,18.9,3.8,0.0,67.0,0.0,0.0,0.9,9.4
2020-04-16 16:25:01,16.9,7.1,0.0,31.2,0.0,0.0,0.6,44.2
2020-04-16 16:26:01,21.1,4.9,0.0,47.2,0.0,0.0,0.7,26.1
2020-04-16 16:27:01,21.5,8.4,0.0,58.9,0.0,0.0,0.0,11.2
2020-04-16 16:28:01,28.7,2.6,0.0,54.8,0.0,0.0,0.0,13.9
2020-04-16 16:29:02,16.7,4.9,0.0,40.7,0.0,0.0,0.6,37.0
2020-04-16 16:30:01,41.2,16.0,0.0,37.0,0.0,0.0,0.8,5.0
2020-04-16 16:31:01,19.5,4.5,0.0,23.4,0.0,0.0,0.0,52.6
2020-04-16 16:32:02,16.9,4.4,0.0,47.1,0.0,0.0,0.7,30.9
2020-04-16 16:33:01,23.5,4.1,0.0,66.3,1.0,0.0,0.0,5.1
2020-04-16 16:34:01,19.1,7.1,0.0,26.2,0.0,0.0,1.4,46.1
2020-04-16 16:35:02,12.5,6.6,0.0,42.8,0.0,0.0,0.0,38.2
2020-04-16 16:36:01,19.5,4.9,0.0,59.3,0.0,0.0,0.8,15.4
2020-04-16 16:37:01,22.0,8.1,0.0,47.2,0.0,0.0,1.6,21.1
2020-04-16 16:38:02,22.9,6.7,0.0,66.7,0.0,0.0,1.9,1.9
2020-04-16 16:39:01,30.9,12.7,0.0,51.8,0.0,0.0,0.9,3.6
2020-04-16 16:40:01,21.2,4.2,0.0,61.9,0.0,0.0,0.8,11.9
2020-04-16 16:41:01,19.8,5.9,0.0,73.3,0.0,0.0,0.0,1.0
2020-04-16 16:42:02,17.7,5.6,0.0,61.3,0.0,0.0,0.8,14.5
2020-04-16 16:43:01,16.1,7.3,0.0,64.5,0.0,0.0,0.8,11.3
2020-04-16 16:44:01,16.3,4.9,0.0,50.4,0.0,0.0,1.6,26.8
2020-04-16 16:45:02,12.2,3.1,0.0,22.1,0.0,0.0,0.0,62.6
2020-04-16 16:46:02,17.5,7.0,0.0,69.3,0.0,0.0,0.0,6.1
2020-04-16 16:47:01,23.5,3.1,0.0,73.5,0.0,0.0,0.0,0.0
2020-04-16 16:48:01,23.6,6.4,0.0,60.0,0.0,0.0,0.0,10.0
2020-04-16 16:49:01,18.2,4.5,0.0,32.6,0.0,0.0,0.8,43.9
2020-04-16 16:50:02,19.3,5.9,0.0,14.8,0.0,0.0,0.7,59.3
2020-04-16 16:51:01,24.0,5.0,0.0,70.0,0.0,0.0,0.0,1.0
2020-04-16 16:52:01,20.2,4.0,0.0,56.5,0.0,0.0,0.8,18.5
2020-04-16 16:53:01,11.1,3.7,0.0,50.6,0.0,0.0,0.6,34.0
2020-04-16 16:54:01,26.6,6.4,0.0,59.6,0.0,0.0,0.9,6.4
2020-04-16 16:55:01,16.3,5.7,0.0,23.4,1.4,0.0,0.7,52.5
2020-04-16 16:56:01,21.4,5.1,0.0,72.4,1.0,0.0,0.0,0.0
2020-04-16 16:57:01,16.9,3.4,0.0,56.8,0.0,0.0,0.0,22.9
2020-04-16 16:58:01,18.5,5.6,0.0,64.8,3.7,0.0,0.9,6.5
2020-04-16 16:59:02,27.3,6.6,0.0,46.3,0.0,0.0,0.0,19.8
2020-04-16 17:00:01,29.4,9.8,0.0,22.2,5.9,0.0,0.7,32.0
2020-04-16 17:01:01,18.4,7.2,0.0,37.6,0.0,0.0,0.0,36.8
2020-04-16 17:02:01,20.8,6.0,0.0,34.5,0.0,0.0,0.0,38.7
2020-04-16 17:03:02,28.1,5.2,0.0,66.7,0.0,0.0,0.0,0.0
2020-04-16 17:04:01,20.2,4.2,0.0,57.1,0.0,0.0,1.7,16.8
2020-04-16 17:05:01,18.6,6.4,0.0,35.0,0.0,0.0,0.0,40.0
2020-04-16 17:06:02,16.6,5.7,0.0,46.6,0.0,0.0,1.6,29.5
2020-04-16 17:07:01,19.7,3.8,0.0,47.0,0.0,0.0,0.8,28.8
2020-04-16 17:08:01,23.5,5.0,0.0,54.6,0.0,0.0,0.8,16.0
2020-04-16 17:09:01,21.9,8.2,0.0,38.4,0.0,0.0,0.0,31.5
2020-04-16 17:10:01,17.8,3.3,0.0,26.1,0.0,0.0,0.0,52.8
2020-04-16 17:11:01,14.7,7.8,0.0,74.5,0.0,0.0,1.0,2.0
2020-04-16 17:12:01,20.2,9.2,0.0,69.7,0.0,0.0,0.9,0.0
2020-04-16 17:13:01,18.3,5.8,0.0,58.3,0.0,0.0,0.8,16.7
2020-04-16 17:14:02,20.9,8.5,0.0,40.5,0.0,0.0,0.7,29.4
2020-04-16 17:15:01,49.5,21.0,0.0,21.0,0.0,0.0,1.9,6.7
2020-04-16 17:16:02,20.5,7.4,0.0,50.0,0.0,0.0,0.0,22.1
2020-04-16 17:17:01,19.6,3.5,0.0,26.6,1.4,0.0,0.7,48.3
2020-04-16 17:18:01,20.6,6.3,0.0,41.3,0.0,0.0,0.8,31.0
2020-04-16 17:19:02,26.2,5.7,0.0,53.3,0.0,0.0,0.0,14.8
2020-04-16 17:20:01,19.2,6.4,0.0,51.2,0.0,0.0,0.0,23.2
2020-04-16 17:21:01,22.9,5.5,0.0,56.9,0.0,0.0,0.0,14.7
2020-04-16 17:22:02,20.8,4.0,0.0,41.6,0.0,0.0,0.0,33.6
2020-04-16 17:23:01,22.5,4.9,0.0,64.7,0.0,0.0,1.0,6.9
2020-04-16 17:24:01,22.2,2.8,0.0,67.6,0.0,0.0,0.9,6.5
2020-04-16 17:25:01,27.8,3.5,0.0,50.4,0.0,0.0,0.9,17.4
2020-04-16 17:26:01,22.1,4.9,0.0,57.4,0.0,0.0,0.0,15.6
2020-04-16 17:27:02,25.6,8.0,0.0,31.2,4.0,0.0,1.6,29.6
2020-04-16 17:28:01,24.5,5.7,0.0,68.9,0.0,0.0,0.0,0.9
2020-04-16 17:29:01,26.3,5.1,0.0,68.7,0.0,0.0,0.0,0.0
2020-04-16 17:30:01,27.8,12.7,0.0,24.7,0.0,0.0,0.6,34.2
2020-04-16 17:31:01,15.5,2.8,0.0,50.7,0.0,0.0,0.7,30.3
2020-04-16 17:32:02,12.3,5.9,0.0,30.5,0.0,0.0,0.0,51.2
2020-04-16 17:33:01,21.6,4.5,0.0,61.3,0.0,0.0,0.9,11.7
2020-04-16 17:34:01,20.3,5.5,0.0,50.8,0.0,0.0,0.8,22.7
2020-04-16 17:35:02,17.6,4.5,0.0,22.7,0.0,0.0,0.0,55.1
2020-04-16 17:36:01,25.0,5.4,0.0,53.6,0.0,0.0,0.0,16.1
2020-04-16 17:37:02,21.4,3.6,0.0,35.1,0.0,0.0,0.0,39.9
2020-04-16 17:38:01,20.6,5.6,0.0,64.5,0.0,0.0,0.9,8.4
2020-04-16 17:39:02,16.4,6.0,0.0,17.2,0.0,0.0,0.0,60.4
2020-04-16 17:40:01,23.4,3.5,0.0,47.5,0.0,0.0,0.7,24.8
2020-04-16 17:41:01,19.3,4.1,0.0,39.2,0.0,0.0,0.6,36.8
2020-04-16 17:42:02,24.3,3.5,0.0,41.7,0.0,0.0,0.7,29.9
2020-04-16 17:43:01,22.4,5.6,0.0,67.3,0.0,0.0,0.0,4.7
2020-04-16 17:44:01,18.7,5.8,0.0,31.6,0.6,0.0,1.3,41.9
2020-04-16 17:45:02,22.8,8.9,0.0,18.4,0.0,0.0,0.0,50.0
2020-04-16 17:46:01,17.9,6.0,0.0,67.5,0.0,0.0,0.0,8.5
2020-04-16 17:47:01,21.7,4.7,0.0,68.9,0.0,0.0,0.9,3.8
2020-04-16 17:48:01,19.3,8.4,0.0,45.4,0.0,0.0,1.7,25.2
2020-04-16 17:49:02,20.7,7.4,0.0,40.0,0.7,0.0,0.7,30.4
2020-04-16 17:50:01,19.9,7.2,0.0,42.2,0.0,0.0,0.6,30.1
2020-04-16 17:51:01,18.7,4.5,0.0,56.0,0.0,0.0,0.7,20.1
2020-04-16 17:52:02,33.8,8.8,0.0,27.0,0.0,0.0,1.4,29.1
2020-04-16 17:53:01,19.5,6.8,0.0,54.2,0.0,0.0,0.0,19.5
2020-04-16 17:54:01,16.8,5.1,0.0,43.1,0.0,0.0,0.0,35.0
2020-04-16 17:55:02,17.9,12.1,0.0,17.4,2.2,0.0,0.9,49.6
2020-04-16 17:56:01,23.3,10.0,0.0,35.0,3.3,0.0,0.0,28.3
2020-04-16 17:57:02,18.3,4.1,0.0,24.9,0.0,0.0,0.6,52.1
2020-04-16 17:58:01,25.6,10.3,0.0,57.3,0.0,0.0,0.9,6.0
2020-04-16 17:59:01,22.5,5.0,0.0,50.8,0.0,0.0,0.0,21.7
2020-04-16 18:00:01,18.7,9.8,0.0,13.8,4.1,0.0,0.8,52.8
2020-04-16 18:01:01,22.5,5.9,0.0,66.7,0.0,0.0,0.0,4.9
2020-04-16 18:02:01,22.0,6.4,0.0,44.0,0.0,0.0,0.7,27.0
2020-04-16 18:03:02,29.9,10.3,0.0,35.9,0.9,0.0,0.9,22.2
2020-04-16 18:04:01,22.4,3.7,0.0,62.6,0.0,0.0,0.0,11.2
2020-04-16 18:05:01,22.9,7.6,0.0,38.2,0.0,0.0,0.0,31.3
2020-04-16 18:06:02,21.4,4.8,0.0,46.8,0.0,0.0,0.0,27.0
2020-04-16 18:07:01,25.0,7.8,0.0,48.3,0.0,0.0,0.0,19.0
2020-04-16 18:08:01,21.7,7.0,0.0,49.6,0.0,0.0,0.9,20.9
2020-04-16 18:09:02,30.5,7.3,0.0,11.6,1.8,0.0,0.6,48.2
2020-04-16 18:10:01,32.7,8.4,0.0,56.1,0.0,0.0,0.0,2.8
2020-04-16 18:11:02,30.6,5.3,0.0,24.1,0.0,0.0,0.0,40.0
2020-04-16 18:12:01,26.6,4.6,0.0,60.6,0.0,0.0,0.0,8.3
2020-04-16 18:13:01,28.2,6.9,0.0,41.2,0.8,0.0,0.8,22.1
2020-04-16 18:14:01,24.0,8.3,0.0,45.5,0.0,0.0,0.0,22.3
2020-04-16 18:15:02,20.4,9.0,0.0,12.6,0.6,0.0,0.6,56.9
2020-04-16 18:16:01,18.0,8.7,0.0,16.0,6.7,0.0,1.3,49.3
2020-04-16 18:17:02,22.8,6.6,0.0,28.1,0.0,0.0,0.6,41.9
2020-04-16 18:18:01,24.0,5.0,0.0,36.3,0.0,0.0,0.6,34.1
2020-04-16 18:19:02,18.1,6.9,0.0,32.5,0.0,0.0,0.0,42.5
2020-04-16 18:20:01,16.8,7.1,0.0,18.4,0.0,0.0,0.0,57.7
2020-04-16 18:21:02,23.0,5.9,0.0,41.5,0.0,0.0,0.7,28.9
2020-04-16 18:22:01,29.5,5.7,0.0,60.0,0.0,0.0,1.0,3.8
2020-04-16 18:23:01,25.6,5.6,0.0,49.6,0.0,0.0,0.8,18.4
2020-04-16 18:24:02,23.8,7.7,0.0,46.2,0.0,0.0,0.0,22.3
2020-04-16 18:25:01,32.1,5.5,0.0,55.0,0.0,0.0,0.9,6.4
2020-04-16 18:26:01,30.3,4.9,0.0,51.6,0.0,0.0,0.8,12.3
2020-04-16 18:27:01,25.0,6.9,0.0,47.9,0.0,0.0,0.7,19.4
2020-04-16 18:28:02,29.1,6.4,0.0,53.6,0.0,0.0,0.0,10.9
2020-04-16 18:29:01,29.1,3.9,0.0,49.6,0.0,0.0,0.8,16.5
2020-04-16 18:30:01,26.3,6.6,0.0,12.7,0.0,0.0,0.0,54.5
2020-04-16 18:31:01,29.8,4.4,0.0,48.2,0.0,0.0,0.0,17.5
2020-04-16 18:32:01,25.0,6.2,0.0,50.0,0.0,0.0,0.9,17.9
2020-04-16 18:33:01,25.2,3.0,0.0,38.5,0.0,0.0,0.7,32.6
2020-04-16 18:34:02,18.6,6.4,0.0,42.9,0.0,0.0,0.7,31.4
2020-04-16 18:35:01,22.2,4.3,0.0,38.9,0.0,0.0,0.0,34.6
2020-04-16 18:36:02,24.8,6.8,0.0,34.6,0.0,0.0,0.0,33.8
2020-04-16 18:37:01,27.6,8.6,0.0,59.0,0.0,0.0,1.0,3.8
2020-04-16 18:38:01,27.4,9.4,0.0,47.9,0.0,0.0,0.9,14.5
2020-04-16 18:39:02,23.4,10.6,0.0,36.9,0.0,0.0,0.0,29.1
2020-04-16 18:40:01,29.7,7.2,0.0,50.5,0.0,0.0,0.0,12.6
2020-04-16 18:41:01,30.9,8.2,0.0,46.4,0.0,0.0,0.0,14.5
2020-04-16 18:42:01,21.3,3.9,0.0,43.3,0.0,0.0,1.6,29.9
2020-04-16 18:43:02,21.7,6.1,0.0,61.7,0.0,0.0,0.9,9.6
2020-04-16 18:44:01,23.4,9.5,0.0,46.0,0.0,0.0,0.7,20.4
2020-04-16 18:45:01,39.5,7.9,0.0,21.9,0.0,0.0,1.8,28.9
2020-04-16 18:46:01,30.6,7.4,0.0,56.5,0.0,0.0,0.0,5.6
2020-04-16 18:47:01,30.0,4.5,0.0,55.5,0.0,0.0,0.0,10.0
2020-04-16 18:48:01,31.0,5.3,0.0,56.6,0.0,0.0,0.9,6.2
2020-04-16 18:49:02,21.8,4.1,0.0,51.7,0.0,0.0,0.0,22.4
2020-04-16 18:50:01,23.2,3.9,0.0,36.8,0.0,0.0,0.6,35.5
2020-04-16 18:51:02,20.7,6.6,0.0,50.4,0.0,0.0,0.0,22.3
2020-04-16 18:52:01,28.6,3.8,0.0,61.9,0.0,0.0,1.0,4.8
2020-04-16 18:53:01,26.9,4.6,0.0,61.1,0.0,0.0,0.9,6.5
2020-04-16 18:54:01,27.4,6.6,0.0,60.4,0.0,0.0,0.0,5.7
2020-04-16 18:55:01,13.9,7.6,0.0,22.2,2.5,0.0,0.6,53.2
2020-04-16 18:56:02,20.5,6.4,0.0,28.7,2.3,0.0,0.0,42.1
2020-04-16 18:57:01,21.6,6.0,0.0,46.3,0.0,0.0,0.7,25.4
2020-04-16 18:58:02,17.4,3.9,0.0,32.9,0.0,0.0,0.0,45.8
2020-04-16 18:59:01,28.9,7.9,0.0,51.8,0.0,0.0,0.9,10.5
2020-04-16 19:00:01,38.1,9.0,0.0,26.9,5.2,0.0,1.5,19.4
2020-04-16 19:01:02,11.2,3.6,0.0,30.4,0.0,0.0,0.0,54.9
2020-04-16 19:02:01,21.5,9.3,0.0,62.6,0.0,0.0,0.0,6.5
2020-04-16 19:03:01,16.3,3.8,0.0,35.1,0.0,0.0,0.5,44.2
2020-04-16 19:04:02,17.6,5.9,0.0,58.8,2.5,0.0,0.0,15.1
2020-04-16 19:05:01,19.7,9.5,0.0,35.8,0.0,0.0,0.0,35.0
2020-04-16 19:06:01,16.7,5.4,0.0,38.7,0.0,0.0,1.2,38.1
2020-04-16 19:07:02,21.6,7.5,0.0,26.1,0.0,0.0,0.0,44.8
2020-04-16 19:08:01,20.4,7.4,0.0,66.7,0.0,0.0,0.9,4.6
2020-04-16 19:09:01,17.9,8.9,0.0,19.5,1.6,0.0,0.8,51.2
2020-04-16 19:10:01,21.2,7.6,0.0,54.2,0.0,0.0,0.0,16.9
2020-04-16 19:11:02,25.3,6.7,0.0,41.3,0.0,0.0,0.0,26.7
2020-04-16 19:12:01,19.2,4.2,0.0,62.5,0.0,0.0,0.0,14.2
2020-04-16 19:13:01,20.0,8.3,0.0,48.3,0.0,0.0,0.0,23.3
2020-04-16 19:14:02,16.7,4.9,0.0,30.6,0.0,0.0,0.7,47.2
2020-04-16 19:15:01,25.2,14.1,0.0,19.3,0.0,0.0,0.0,41.5
2020-04-16 19:16:02,15.0,8.2,0.0,36.1,0.0,0.0,0.0,40.8
2020-04-16 19:17:01,17.3,7.9,0.0,13.6,0.0,0.0,0.5,60.7
2020-04-16 19:18:02,17.5,3.9,0.0,24.3,0.0,0.0,0.5,53.9
2020-04-16 19:19:01,15.3,4.9,0.0,48.6,0.0,0.0,0.0,31.2
2020-04-16 19:20:02,12.6,4.5,0.0,18.8,0.0,0.0,0.4,63.7
2020-04-16 19:21:01,25.5,7.3,0.0,60.9,0.0,0.0,0.0,6.4
2020-04-16 19:22:01,15.7,7.3,0.0,21.9,0.0,0.0,1.1,53.9
2020-04-16 19:23:02,25.4,4.6,0.0,38.5,0.0,0.0,0.0,31.5
2020-04-16 19:24:02,14.4,5.9,0.0,23.4,0.0,0.0,0.5,55.9
2020-04-16 19:25:01,17.9,7.3,0.0,30.1,0.0,0.0,0.0,44.7
2020-04-16 19:26:02,15.0,3.4,0.0,55.1,0.0,0.0,1.4,25.2
2020-04-16 19:27:01,20.8,4.2,0.0,63.3,0.0,0.0,0.0,11.7
2020-04-16 19:28:01,21.9,5.7,0.0,71.4,0.0,0.0,0.0,1.0
2020-04-16 19:29:01,20.7,6.9,0.0,55.2,0.0,0.0,0.9,16.4
2020-04-16 19:30:01,31.5,11.3,0.0,30.6,0.0,0.0,0.8,25.8
2020-04-16 19:31:02,24.2,7.5,0.0,37.5,0.0,0.0,0.0,30.8
2020-04-16 19:32:01,17.1,4.1,0.0,60.2,0.0,0.0,0.8,17.9
2020-04-16 19:33:01,20.0,8.0,0.0,36.7,0.0,0.0,0.0,35.3
2020-04-16 19:34:02,19.3,4.3,0.0,35.4,0.0,0.0,1.2,39.8
2020-04-16 19:35:01,21.0,5.7,0.0,65.7,0.0,0.0,1.0,6.7
2020-04-16 19:36:01,22.2,5.6,0.0,38.3,0.0,0.0,0.6,33.3
2020-04-16 19:37:02,24.3,4.5,0.0,53.2,0.0,0.0,0.0,18.0
2020-04-16 19:38:01,28.6,3.8,0.0,64.8,0.0,0.0,0.0,2.9
2020-04-16 19:39:02,25.0,4.2,0.0,47.5,0.0,0.0,0.0,23.3
2020-04-16 19:40:01,17.5,6.3,0.0,62.7,0.0,0.0,0.0,13.5
2020-04-16 19:41:01,23.5,4.3,0.0,60.0,0.0,0.0,1.7,10.4
2020-04-16 19:42:01,27.3,4.7,0.0,45.3,0.0,0.0,0.8,21.9
2020-04-16 19:43:02,16.2,4.1,0.0,35.8,0.0,0.0,1.4,42.6
2020-04-16 19:44:01,19.4,6.2,0.0,47.2,0.0,0.0,0.7,26.4
2020-04-16 19:45:02,20.1,7.7,0.0,8.9,0.0,0.0,0.6,62.7
2020-04-16 19:46:01,12.8,4.5,0.0,33.1,1.5,0.0,0.0,48.1
2020-04-16 19:47:02,17.8,4.7,0.0,66.4,0.0,0.0,0.9,10.3
2020-04-16 19:48:01,19.7,4.3,0.0,53.8,0.0,0.0,0.9,21.4
2020-04-16 19:49:01,20.0,3.8,0.0,51.5,0.0,0.0,0.8,23.8
2020-04-16 19:50:01,21.9,3.7,0.0,35.3,0.0,0.0,0.0,39.0
2020-04-16 19:51:01,19.6,5.6,0.0,67.3,0.0,0.0,0.9,6.5
2020-04-16 19:52:01,21.4,4.5,0.0,51.3,0.0,0.0,0.6,22.1
2020-04-16 19:53:01,20.2,4.7,0.0,49.6,0.0,0.0,0.8,24.8
2020-04-16 19:54:01,22.4,3.2,0.0,56.0,0.0,0.0,0.8,17.6
2020-04-16 19:55:01,13.3,7.6,0.0,27.2,0.6,0.0,0.6,50.6
2020-04-16 19:56:02,17.5,6.3,0.0,34.9,3.2,0.0,0.8,37.3
2020-04-16 19:57:01,15.9,3.7,0.0,36.6,0.0,0.0,0.0,43.9
2020-04-16 19:58:01,17.7,4.8,0.0,46.8,0.0,0.0,0.8,29.8
2020-04-16 19:59:02,19.2,3.4,0.0,26.7,0.0,0.0,0.7,50.0
2020-04-16 20:00:01,14.9,4.2,0.0,7.7,25.0,0.0,0.0,48.2
2020-04-16 20:01:01,29.0,4.7,0.0,60.7,0.0,0.0,0.0,5.6
2020-04-16 20:02:01,22.3,5.0,0.0,58.7,0.0,0.0,1.7,12.4
2020-04-16 20:03:02,18.3,6.9,0.0,43.5,0.0,0.0,0.0,31.3
2020-04-16 20:04:01,26.5,4.3,0.0,50.4,0.0,0.0,0.0,18.8
2020-04-16 20:05:01,21.7,6.7,0.0,45.8,0.0,0.0,0.8,25.0
2020-04-16 20:06:02,16.9,6.1,0.0,40.5,0.0,0.0,0.7,35.8
2020-04-16 20:07:01,10.6,3.5,0.0,32.4,0.0,0.0,0.7,52.8
2020-04-16 20:08:02,13.8,6.2,0.0,29.7,0.0,0.0,0.7,49.7
2020-04-16 20:09:02,16.9,3.8,0.0,43.8,0.0,0.0,0.0,35.4
2020-04-16 20:10:01,22.7,5.3,0.0,53.0,0.0,0.0,0.0,18.9
2020-04-16 20:11:01,17.0,1.9,0.0,30.2,0.0,0.0,0.6,50.3
2020-04-16 20:12:02,18.4,9.7,0.0,65.0,0.0,0.0,1.0,5.8
2020-04-16 20:13:01,23.4,5.4,0.0,70.3,0.0,0.0,0.0,0.9
2020-04-16 20:14:01,16.4,3.9,0.0,56.2,0.0,0.0,0.0,23.4
2020-04-16 20:15:02,16.4,9.5,0.0,12.6,0.0,0.0,0.4,61.1
2020-04-16 20:16:01,19.7,6.0,0.0,59.8,0.0,0.0,0.9,13.7
2020-04-16 20:17:01,19.0,7.4,0.0,9.1,0.0,0.0,0.0,64.5
2020-04-16 20:18:02,15.9,4.0,0.0,30.0,0.0,0.0,0.0,50.2
2020-04-16 20:19:01,18.1,5.2,0.0,61.2,0.9,0.0,0.0,14.7
2020-04-16 20:20:01,20.4,5.6,0.0,44.4,0.0,0.0,0.0,29.6
2020-04-16 20:21:01,18.6,5.3,0.0,58.4,0.0,0.0,0.9,16.8
2020-04-16 20:22:01,19.7,5.3,0.0,50.0,0.0,0.0,0.8,24.2
2020-04-16 20:23:01,33.0,7.8,0.0,54.4,0.0,0.0,0.0,4.9
2020-04-16 20:24:01,17.5,4.9,0.0,69.9,0.0,0.0,0.0,7.8
2020-04-16 20:25:02,10.4,3.3,0.0,30.6,0.0,0.0,0.0,55.7
2020-04-16 20:26:01,23.8,4.8,0.0,52.4,0.0,0.0,0.0,19.0
2020-04-16 20:27:01,18.2,6.6,0.0,56.2,0.0,0.0,0.0,19.0
2020-04-16 20:28:02,17.5,5.0,0.0,42.5,0.0,0.0,0.6,34.4
2020-04-16 20:29:01,18.4,4.4,0.0,53.7,0.0,0.0,0.7,22.8
2020-04-16 20:30:01,37.4,15.6,0.0,29.9,0.0,0.0,0.7,16.3
2020-04-16 20:31:02,21.6,6.7,0.0,34.3,0.0,0.0,2.2,35.1
2020-04-16 20:32:01,20.4,5.1,0.0,73.5,0.0,0.0,1.0,0.0
2020-04-16 20:33:01,19.3,4.2,0.0,52.9,0.0,0.0,0.0,23.5
2020-04-16 20:34:01,25.7,5.9,0.0,66.3,0.0,0.0,1.0,1.0
2020-04-16 20:35:02,16.8,3.4,0.0,43.0,0.0,0.0,0.7,36.2
2020-04-16 20:36:01,22.6,4.7,0.0,67.0,0.0,0.0,0.9,4.7
2020-04-16 20:37:01,22.5,9.8,0.0,64.7,0.0,0.0,0.0,2.9
2020-04-16 20:38:01,20.8,5.9,0.0,71.3,0.0,0.0,1.0,1.0
2020-04-16 20:39:02,14.8,6.2,0.0,20.5,0.0,0.0,1.1,57.4
2020-04-16 20:40:01,17.1,4.5,0.0,37.2,0.0,0.0,1.0,40.2
2020-04-16 20:41:01,20.5,6.8,0.0,36.0,0.0,0.0,0.6,36.0
2020-04-16 20:42:02,23.5,5.2,0.0,60.9,0.0,0.0,0.9,9.6
2020-04-16 20:43:01,23.1,3.8,0.0,53.1,0.0,0.0,0.8,19.2
2020-04-16 20:44:01,25.2,4.8,0.0,39.5,0.0,0.0,0.0,30.6
2020-04-16 20:45:02,13.3,9.6,0.0,10.1,0.0,0.0,0.0,67.0
2020-04-16 20:46:01,16.7,5.9,0.0,75.5,0.0,0.0,1.0,1.0
2020-04-16 20:47:01,25.2,5.2,0.0,47.8,0.0,0.0,0.9,20.9
2020-04-16 20:48:02,19.8,5.0,0.0,53.7,0.0,0.0,0.8,20.7
2020-04-16 20:49:01,22.5,4.2,0.0,59.2,0.0,0.0,0.0,14.2
2020-04-16 20:50:01,25.0,6.9,0.0,37.5,0.0,0.0,0.0,30.6
2020-04-16 20:51:02,22.5,5.4,0.0,53.5,0.0,0.0,0.0,18.6
2020-04-16 20:52:01,18.0,6.0,0.0,73.0,0.0,0.0,1.0,2.0
2020-04-16 20:53:01,15.5,3.9,0.0,44.2,0.0,0.0,0.8,35.7
2020-04-16 20:54:02,17.4,4.0,0.0,31.5,0.0,0.0,0.0,47.0
2020-04-16 20:55:01,14.2,15.7,0.0,43.3,0.0,0.0,0.0,26.8
2020-04-16 20:56:02,12.6,3.1,0.0,37.1,2.5,0.0,0.6,44.0
2020-04-16 20:57:01,19.0,6.0,0.0,60.3,0.0,0.0,0.0,14.7
2020-04-16 20:58:01,16.7,4.0,0.0,57.9,0.0,0.0,0.0,21.4
2020-04-16 20:59:01,16.5,6.4,0.0,64.2,0.0,0.0,0.0,12.8
2020-04-16 21:00:02,13.0,3.0,0.0,6.6,2.4,0.0,0.0,75.0
2020-04-16 21:01:01,14.9,4.3,0.0,51.8,0.0,0.0,0.7,28.4
2020-04-16 21:02:01,22.1,7.4,0.0,39.3,1.6,0.0,0.8,28.7
2020-04-16 21:03:02,14.4,5.2,0.0,49.7,0.0,0.0,0.7,30.1
2020-04-16 21:04:01,19.4,4.2,0.0,47.2,0.0,0.0,0.0,29.2
2020-04-16 21:05:02,16.1,4.0,0.0,24.1,0.0,0.0,0.6,55.2
2020-04-16 21:06:01,16.1,4.0,0.0,55.6,0.0,0.0,0.8,23.4
2020-04-16 21:07:01,16.8,4.0,0.0,24.2,0.0,0.0,1.3,53.7
2020-04-16 21:08:02,40.9,5.3,0.0,23.5,0.0,0.0,0.8,29.5
2020-04-16 21:09:02,15.8,5.8,0.0,25.7,0.6,0.0,0.0,52.0
2020-04-16 21:10:01,17.7,6.5,0.0,58.1,0.0,0.0,0.8,16.9
2020-04-16 21:11:01,14.0,5.6,0.0,53.1,0.0,0.0,1.4,25.9
2020-04-16 21:12:02,17.6,6.1,0.0,51.1,0.0,0.0,0.0,25.2
2020-04-16 21:13:01,20.0,3.8,0.0,72.4,0.0,0.0,1.0,2.9
2020-04-16 21:14:01,17.5,4.2,0.0,57.5,0.0,0.0,0.8,20.0
2020-04-16 21:15:01,22.4,11.2,0.0,19.4,0.0,0.0,0.7,46.3
2020-04-16 21:16:01,16.5,9.3,0.0,73.2,0.0,0.0,1.0,0.0
2020-04-16 21:17:01,17.8,6.2,0.0,57.4,0.0,0.0,0.8,17.8
2020-04-16 21:18:02,12.7,4.2,0.0,27.8,0.0,0.0,0.8,54.4
2020-04-16 21:19:01,13.5,5.4,0.0,55.4,0.0,0.0,1.4,24.3
2020-04-16 21:20:01,10.5,3.7,0.0,34.6,0.0,0.0,0.5,50.8
2020-04-16 21:21:01,17.9,4.7,0.0,71.7,0.0,0.0,0.9,4.7
2020-04-16 21:22:01,18.7,5.2,0.0,47.8,0.0,0.0,0.7,27.6
2020-04-16 21:23:01,16.0,4.8,0.0,54.4,0.0,0.0,0.0,24.8
2020-04-16 21:24:01,14.4,5.8,0.0,75.0,0.0,0.0,1.0,3.8
2020-04-16 21:25:01,16.3,5.7,0.0,45.4,0.0,0.0,0.0,32.6
2020-04-16 21:26:01,15.6,3.7,0.0,67.0,0.0,0.0,1.8,11.9
2020-04-16 21:27:02,19.3,2.8,0.0,71.6,0.0,0.0,0.9,5.5
2020-04-16 21:28:01,16.5,5.0,0.0,59.5,0.0,0.0,0.8,18.2
2020-04-16 21:29:01,14.0,5.3,0.0,63.2,0.0,0.0,0.0,17.5
2020-04-16 21:30:01,29.9,9.0,0.0,27.6,0.0,0.0,0.0,33.6
2020-04-16 21:31:02,18.2,3.7,0.0,16.9,0.0,0.0,0.4,60.7
2020-04-16 21:32:01,15.1,5.5,0.0,52.7,0.0,0.0,0.0,26.7
2020-04-16 21:33:02,13.3,4.4,0.0,51.1,0.0,0.0,0.0,31.1
2020-04-16 21:34:01,16.7,3.2,0.0,42.3,0.0,0.0,0.6,37.2
2020-04-16 21:35:01,17.6,5.6,0.0,56.0,0.0,0.0,0.0,20.8
2020-04-16 21:36:02,20.2,5.3,0.0,57.9,0.0,0.0,0.9,15.8
2020-04-16 21:37:01,19.0,3.0,0.0,74.0,0.0,0.0,0.0,4.0
2020-04-16 21:38:01,15.8,5.0,0.0,62.5,0.0,0.0,0.8,15.8
2020-04-16 21:39:02,14.1,5.1,0.0,20.5,0.0,0.0,0.0,60.3
2020-04-16 21:40:01,14.7,5.1,0.0,47.8,0.0,0.0,0.7,31.6
2020-04-16 21:41:02,12.3,4.8,0.0,61.6,0.0,0.0,0.0,21.2
2020-04-16 21:42:01,16.7,3.9,0.0,71.6,0.0,0.0,0.0,7.8
2020-04-16 21:43:01,16.5,4.9,0.0,76.7,0.0,0.0,0.0,1.9
2020-04-16 21:44:01,13.7,6.2,0.0,37.9,0.0,0.0,0.0,42.2
2020-04-16 21:45:02,28.9,11.9,0.0,14.8,0.7,0.0,0.7,43.0
2020-04-16 21:46:02,17.6,5.7,0.0,32.7,0.0,0.0,0.6,43.4
2020-04-16 21:47:01,14.7,4.6,0.0,71.6,0.0,0.0,0.0,9.2
2020-04-16 21:48:01,20.7,3.3,0.0,62.8,0.0,0.0,0.0,13.2
2020-04-16 21:49:01,17.7,6.5,0.0,59.7,0.0,0.0,0.8,15.3
2020-04-16 21:50:02,20.5,4.5,0.0,11.5,0.0,0.0,0.6,62.8
2020-04-16 21:51:02,16.2,5.4,0.0,57.4,0.0,0.0,1.4,19.6
2020-04-16 21:52:01,22.2,7.4,0.0,63.0,0.0,0.0,1.9,5.6
2020-04-16 21:53:01,17.9,5.4,0.0,58.9,0.0,0.0,0.0,17.9
2020-04-16 21:54:01,18.3,5.5,0.0,73.4,0.0,0.0,0.9,1.8
2020-04-16 21:55:01,14.8,5.2,0.0,10.3,0.0,0.0,0.6,69.0
2020-04-16 21:56:01,20.2,8.7,0.0,68.3,1.0,0.0,1.0,1.0
2020-04-16 21:57:01,19.2,3.8,0.0,67.3,0.0,0.0,1.9,7.7
2020-04-16 21:58:02,13.2,5.1,0.0,47.1,0.0,0.0,0.0,34.6
2020-04-16 21:59:01,19.8,6.0,0.0,59.5,0.0,0.0,1.7,12.9
2020-04-16 22:00:01,18.8,7.4,0.0,21.9,3.1,0.0,0.8,48.0
2020-04-16 22:01:01,26.5,6.9,0.0,60.8,0.0,0.0,2.0,3.9
2020-04-16 22:02:01,19.8,3.8,0.0,68.9,0.0,0.0,0.0,7.5
2020-04-16 22:03:01,17.9,5.1,0.0,60.7,0.0,0.0,0.0,16.2
2020-04-16 22:04:02,15.2,3.2,0.0,45.6,0.0,0.0,0.6,35.4
2020-04-16 22:05:01,12.3,3.4,0.0,37.4,0.0,0.0,0.0,46.8
2020-04-16 22:06:01,17.2,4.9,0.0,46.7,0.0,0.0,0.8,30.3
2020-04-16 22:07:02,17.5,3.6,0.0,45.3,0.0,0.0,1.5,32.1
2020-04-16 22:08:01,17.7,7.3,0.0,58.1,0.0,0.0,0.8,16.1
2020-04-16 22:09:02,21.8,15.3,0.0,46.8,0.0,0.0,0.0,16.1
2020-04-16 22:10:01,11.2,5.9,0.0,32.2,0.0,0.0,0.0,50.7
2020-04-16 22:11:02,14.9,5.6,0.0,51.6,0.0,0.0,0.6,27.3
2020-04-16 22:12:01,16.5,5.3,0.0,60.9,0.0,0.0,1.5,15.8
2020-04-16 22:13:01,14.0,3.8,0.0,53.5,0.0,0.0,0.0,28.7
2020-04-16 22:14:02,15.2,3.0,0.0,36.6,1.8,0.0,0.0,43.3
2020-04-16 22:15:01,31.8,8.5,0.0,16.3,0.0,0.0,0.8,42.6
2020-04-16 22:16:02,12.7,4.8,0.0,47.9,0.0,0.0,0.6,33.9
2020-04-16 22:17:01,16.8,5.1,0.0,45.3,0.0,0.0,0.0,32.8
2020-04-16 22:18:01,17.5,8.3,0.0,52.5,0.0,0.0,0.8,20.8
2020-04-16 22:19:01,15.3,4.7,0.0,33.3,0.0,0.0,0.7,46.0
2020-04-16 22:20:02,15.2,4.5,0.0,11.8,0.0,0.0,0.6,68.0
2020-04-16 22:21:01,19.3,2.9,0.0,52.9,0.0,0.0,0.0,25.0
2020-04-16 22:22:02,13.4,6.7,0.0,49.7,0.0,0.0,0.0,30.2
2020-04-16 22:23:01,20.4,7.1,0.0,65.5,0.0,0.0,0.9,6.2
2020-04-16 22:24:01,18.5,6.7,0.0,55.5,0.0,0.0,0.0,19.3
2020-04-16 22:25:01,14.6,4.9,0.0,28.0,0.0,0.0,0.0,52.4
2020-04-16 22:26:02,19.4,3.6,0.0,30.9,0.0,0.0,0.6,45.5
2020-04-16 22:27:01,19.4,5.8,0.0,70.9,0.0,0.0,0.0,3.9
2020-04-16 22:28:01,20.2,6.5,0.0,58.1,0.0,0.0,0.8,14.5
2020-04-16 22:29:02,15.2,7.2,0.0,48.0,0.0,0.0,0.0,29.6
2020-04-16 22:30:01,34.6,7.5,0.0,28.6,0.0,0.0,0.8,28.6
2020-04-16 22:31:01,15.4,5.4,0.0,48.3,0.0,0.0,0.0,30.9
2020-04-16 22:32:01,14.7,4.4,0.0,54.4,0.0,0.0,0.7,25.7
2020-04-16 22:33:01,14.9,3.9,0.0,44.8,0.0,0.0,0.6,35.7
2020-04-16 22:34:02,18.7,3.3,0.0,38.0,0.0,0.0,0.7,39.3
2020-04-16 22:35:01,10.4,3.0,0.0,36.4,0.0,0.0,0.7,49.4
2020-04-16 22:36:02,20.3,2.9,0.0,47.8,0.0,0.0,0.7,28.3
2020-04-16 22:37:01,16.5,2.4,0.0,49.6,0.0,0.0,0.8,30.7
2020-04-16 22:38:01,15.9,7.9,0.0,54.0,0.0,0.0,0.0,22.2
2020-04-16 22:39:02,26.8,8.0,0.0,22.5,0.0,0.0,0.7,42.0
2020-04-16 22:40:02,18.3,6.9,0.0,30.5,0.0,0.0,0.0,44.3
2020-04-16 22:41:01,17.2,3.3,0.0,63.1,0.0,0.0,0.0,16.4
2020-04-16 22:42:01,21.1,7.0,0.0,39.1,0.0,0.0,0.8,32.0
2020-04-16 22:43:02,18.3,3.3,0.0,34.0,0.0,0.0,0.7,43.8
2020-04-16 22:44:01,19.6,4.3,0.0,47.1,0.0,0.0,0.7,28.3
2020-04-16 22:45:01,38.4,17.0,0.0,37.5,0.0,0.0,0.0,7.1
2020-04-16 22:46:01,16.8,5.3,0.0,39.7,0.0,0.0,0.8,37.4
2020-04-16 22:47:02,16.1,3.6,0.0,42.3,0.0,0.0,0.0,38.0
2020-04-16 22:48:02,18.1,4.8,0.0,15.2,0.0,0.0,1.0,61.0
2020-04-16 22:49:01,15.5,4.9,0.0,23.2,5.6,0.0,0.7,50.0
2020-04-16 22:50:02,15.1,4.7,0.0,20.5,0.0,0.0,0.4,59.4
2020-04-16 22:51:02,22.3,10.8,0.0,31.5,0.0,0.0,0.8,34.6
2020-04-16 22:52:01,23.3,6.9,0.0,66.4,0.0,0.0,0.0,3.4
2020-04-16 22:53:01,19.3,3.5,0.0,64.0,0.0,0.0,1.8,11.4
2020-04-16 22:54:01,15.2,2.9,0.0,42.8,0.0,0.0,0.7,38.4
2020-04-16 22:55:02,18.1,13.9,0.0,41.0,0.0,0.0,0.0,27.1
2020-04-16 22:56:02,17.3,5.8,0.0,37.4,5.0,0.0,0.0,34.5
2020-04-16 22:57:01,23.4,4.5,0.0,61.3,0.0,0.0,0.9,9.9
2020-04-16 22:58:01,18.0,5.4,0.0,64.0,0.0,0.0,1.8,10.8
2020-04-16 22:59:01,20.2,6.1,0.0,59.6,0.0,0.0,0.9,13.2
2020-04-16 23:00:02,17.6,13.5,0.0,16.2,2.0,0.0,0.0,50.7
2020-04-16 23:01:01,15.4,6.8,0.0,47.9,0.0,0.0,0.9,29.1
2020-04-16 23:02:01,19.8,3.8,0.0,54.2,0.0,0.0,0.8,21.4
2020-04-16 23:03:02,25.5,5.7,0.0,31.2,0.0,0.0,0.6,36.9
2020-04-16 23:04:01,23.8,5.6,0.0,38.9,0.0,0.0,0.0,31.7
2020-04-16 23:05:01,21.4,3.6,0.0,60.7,0.0,0.0,0.0,14.3
2020-04-16 23:06:01,19.8,6.6,0.0,68.9,0.0,0.0,0.0,4.7
2020-04-16 23:07:01,19.7,12.0,0.0,50.4,0.0,0.0,0.0,17.9
2020-04-16 23:08:01,14.1,1.3,0.0,46.8,0.0,0.0,1.3,36.5
2020-04-16 23:09:02,17.7,5.4,0.0,26.9,1.5,0.0,0.0,48.5
2020-04-16 23:10:01,18.8,4.8,0.0,35.8,0.0,0.0,0.6,40.0
2020-04-16 23:11:02,22.7,3.4,0.0,32.8,0.0,0.0,0.0,41.2
2020-04-16 23:12:01,24.5,3.9,0.0,63.7,0.0,0.0,0.0,7.8
2020-04-16 23:13:01,31.5,8.9,0.0,38.7,0.0,0.0,0.0,21.0
2020-04-16 23:14:02,24.1,6.0,0.0,47.4,0.0,0.0,0.9,21.6
2020-04-16 23:15:01,36.1,9.6,0.0,15.1,0.0,0.0,0.0,39.2
2020-04-16 23:16:01,20.3,4.2,0.0,55.9,0.0,0.0,0.8,18.6
2020-04-16 23:17:01,16.9,6.2,0.0,55.4,0.0,0.0,1.5,20.0
2020-04-16 23:18:02,17.9,4.3,0.0,47.9,0.0,0.0,0.7,29.3
2020-04-16 23:19:01,16.2,5.4,0.0,42.3,3.1,0.0,0.8,32.3
2020-04-16 23:20:02,22.3,9.1,0.0,6.9,0.0,0.0,1.1,60.6
2020-04-16 23:21:01,24.5,3.8,0.0,62.3,0.0,0.0,0.9,8.5
2020-04-16 23:22:01,23.8,4.6,0.0,50.8,0.0,0.0,0.0,20.8
2020-04-16 23:23:02,17.1,3.8,0.0,37.3,0.0,0.0,0.0,41.8
2020-04-16 23:24:01,17.8,4.4,0.0,51.1,0.0,0.0,0.0,26.7
2020-04-16 23:25:01,19.8,6.1,0.0,47.3,0.0,0.0,0.8,26.0
2020-04-16 23:26:01,18.7,6.7,0.0,35.8,0.0,0.0,0.0,38.8
2020-04-16 23:27:01,20.4,7.8,0.0,70.9,0.0,0.0,1.0,0.0
2020-04-16 23:28:01,11.7,3.9,0.0,40.3,0.0,0.0,1.3,42.9
2020-04-16 23:29:02,17.1,6.2,0.0,41.1,0.0,0.0,2.1,33.6
2020-04-16 23:30:01,26.0,10.1,0.0,8.3,0.0,0.0,1.2,54.4
2020-04-16 23:31:01,18.3,5.2,0.0,67.8,0.0,0.0,0.0,8.7
2020-04-16 23:32:01,19.2,7.5,0.0,50.8,0.0,0.0,1.7,20.8
2020-04-16 23:33:01,24.1,5.4,0.0,36.1,0.0,0.0,1.2,33.1
2020-04-16 23:34:02,27.1,6.8,0.0,40.7,0.0,0.0,0.8,24.6
2020-04-16 23:35:01,16.0,6.7,0.0,27.3,0.0,0.0,1.3,48.7
2020-04-16 23:36:01,14.5,10.9,0.0,41.8,0.0,0.0,0.9,31.8
2020-04-16 23:37:01,21.0,3.4,0.0,61.3,0.0,0.0,0.0,14.3
2020-04-16 23:38:01,15.6,6.2,0.0,46.1,0.0,0.0,1.6,30.5
2020-04-16 23:39:02,19.0,9.1,0.0,24.8,0.0,0.0,0.8,46.3
2020-04-16 23:40:01,17.0,4.8,0.0,41.5,0.0,0.0,1.4,35.4
2020-04-16 23:41:02,13.8,4.8,0.0,41.0,0.0,0.0,0.5,39.9
2020-04-16 23:42:01,27.4,5.7,0.0,61.3,0.0,0.0,2.8,2.8
2020-04-16 23:43:01,24.4,5.3,0.0,55.0,0.0,0.0,0.8,14.5
2020-04-16 23:44:01,15.6,4.7,0.0,52.3,0.0,0.0,1.6,25.8
2020-04-16 23:45:02,19.4,9.3,0.0,5.5,2.5,0.0,0.4,62.9
2020-04-16 23:46:01,15.2,3.6,0.0,67.0,0.0,0.0,0.0,14.3
2020-04-16 23:47:02,18.5,5.3,0.0,42.4,0.0,0.0,1.3,32.5
2020-04-16 23:48:01,19.4,5.2,0.0,36.8,0.6,0.0,1.3,36.8
2020-04-16 23:49:02,14.9,4.6,0.0,28.2,0.0,0.0,1.0,51.3
2020-04-16 23:50:01,15.2,6.6,0.0,45.7,0.0,0.0,1.0,31.5
2020-04-16 23:51:01,13.6,9.5,0.0,40.8,0.0,0.0,1.4,34.7
2020-04-16 23:52:02,18.5,6.7,0.0,58.8,0.0,0.0,0.8,15.1
2020-04-16 23:53:01,16.1,8.4,0.0,35.7,0.0,0.0,0.7,39.2
2020-04-16 23:54:01,22.6,4.7,0.0,69.8,0.0,0.0,0.0,2.8
2020-04-16 23:55:01,17.7,19.4,0.0,39.5,0.8,0.0,1.6,21.0
2020-04-16 23:56:01,19.5,6.2,0.0,43.0,0.8,0.0,1.6,28.9
2020-04-16 23:57:02,16.8,5.1,0.0,27.7,0.0,0.0,0.7,49.6
2020-04-16 23:58:01,22.3,5.4,0.0,55.4,0.8,0.0,0.0,16.2
2020-04-16 23:59:01,19.2,3.8,0.0,73.1,0.0,0.0,1.0,2.9
2020-04-17 00:00:03,26.4,13.9,0.3,3.8,5.8,0.0,1.2,48.7
2020-04-17 00:01:01,21.3,8.0,0.0,46.0,0.0,0.0,1.3,23.3
2020-04-17 00:02:02,15.2,4.8,0.0,49.7,0.0,0.0,0.7,29.7
2020-04-17 00:03:01,18.3,5.8,0.0,75.0,0.0,0.0,1.0,0.0
2020-04-17 00:04:01,17.9,12.0,0.0,49.6,0.0,0.0,1.7,18.8
2020-04-17 00:05:01,15.8,6.1,0.0,45.5,0.0,0.0,0.0,32.7
2020-04-17 00:06:02,15.0,4.5,0.0,39.1,0.0,0.0,0.8,40.6
2020-04-17 00:07:01,23.5,2.9,0.0,66.7,0.0,0.0,0.0,6.9
2020-04-17 00:08:01,21.4,6.8,0.0,34.2,0.0,0.0,1.7,35.9
2020-04-17 00:09:02,18.9,8.8,0.0,42.1,0.6,0.0,0.6,28.9
2020-04-17 00:10:01,17.9,5.7,0.0,42.3,0.0,0.0,0.0,34.1
2020-04-17 00:11:01,18.2,5.8,0.0,58.7,0.0,0.0,0.8,16.5
2020-04-17 00:12:02,16.5,5.0,0.0,52.1,0.0,0.0,0.0,26.4
2020-04-17 00:13:01,18.7,5.0,0.0,60.4,0.0,0.0,0.0,15.8
2020-04-17 00:14:01,16.9,6.6,0.0,53.7,0.0,0.0,0.7,22.1
2020-04-17 00:15:02,19.5,8.8,0.0,11.1,0.0,0.0,0.9,59.7
2020-04-17 00:16:02,16.4,7.3,0.0,42.4,0.0,0.0,1.8,32.1
2020-04-17 00:17:01,16.5,5.3,0.0,42.1,0.0,0.0,0.8,35.3
2020-04-17 00:18:01,17.1,4.9,0.0,51.2,0.0,0.0,0.0,26.8
2020-04-17 00:19:02,16.0,8.3,0.0,32.1,0.0,0.0,1.3,42.3
2020-04-17 00:20:01,14.6,6.2,0.0,56.9,0.0,0.0,0.0,22.3
2020-04-17 00:21:01,13.3,3.6,0.0,46.1,0.0,0.0,0.6,36.4
2020-04-17 00:22:02,14.2,4.1,0.0,32.0,0.0,0.0,0.0,49.7
2020-04-17 00:23:01,18.8,4.5,0.0,64.3,0.0,0.0,1.8,10.7
2020-04-17 00:24:01,18.0,7.5,0.0,38.3,0.0,0.0,0.8,35.3
2020-04-17 00:25:02,14.7,4.8,0.0,19.8,0.0,0.0,0.4,60.3
2020-04-17 00:26:01,15.9,3.5,0.0,74.3,0.0,0.0,0.0,6.2
2020-04-17 00:27:01,15.9,3.7,0.0,70.1,0.0,0.0,0.0,10.3
2020-04-17 00:28:01,15.0,6.0,0.0,50.3,0.0,0.0,0.0,28.7
2020-04-17 00:29:02,26.6,6.5,0.0,38.8,0.0,0.0,0.7,27.3
2020-04-17 00:30:01,30.6,13.2,0.0,26.4,0.0,0.0,0.7,29.2
2020-04-17 00:31:01,19.4,3.9,0.0,57.4,0.0,0.0,1.6,17.8
2020-04-17 00:32:01,17.1,4.5,0.0,66.7,0.0,0.0,0.0,11.7
2020-04-17 00:33:01,16.7,4.8,0.0,54.8,0.0,0.0,0.8,23.0
2020-04-17 00:34:02,19.8,4.5,0.0,57.7,0.0,0.0,1.8,16.2
2020-04-17 00:35:01,22.2,7.1,0.0,69.7,0.0,0.0,0.0,1.0
2020-04-17 00:36:01,18.3,4.2,0.0,61.7,0.0,0.0,0.0,15.8
2020-04-17 00:37:02,33.6,3.6,0.0,45.5,0.0,0.0,0.9,16.4
2020-04-17 00:38:01,18.3,4.2,0.0,60.0,0.0,0.0,0.0,17.5
2020-04-17 00:39:01,14.5,7.6,0.0,32.1,0.0,0.0,0.0,45.8
2020-04-17 00:40:02,17.1,6.7,0.0,30.5,0.0,0.0,0.6,45.1
2020-04-17 00:41:01,20.2,6.5,0.0,41.1,0.0,0.0,0.8,31.5
2020-04-17 00:42:02,19.4,5.8,0.0,44.5,0.0,0.0,0.0,30.3
2020-04-17 00:43:01,23.6,5.5,0.0,58.2,0.0,0.0,0.0,12.7
2020-04-17 00:44:01,14.7,6.0,0.0,56.9,0.0,0.0,0.9,21.6
2020-04-17 00:45:01,27.6,9.0,0.0,12.7,0.0,0.0,0.7,50.0
2020-04-17 00:46:01,15.4,6.7,0.0,73.1,0.0,0.0,0.0,4.8
2020-04-17 00:47:02,17.5,3.1,0.0,76.3,0.0,0.0,2.1,1.0
2020-04-17 00:48:01,14.7,6.4,0.0,71.6,0.0,0.0,0.0,7.3
2020-04-17 00:49:01,16.7,5.8,0.0,65.0,0.0,0.0,0.0,12.5
2020-04-17 00:50:01,15.5,5.4,0.0,52.0,0.0,0.0,0.0,27.0
2020-04-17 00:51:02,17.3,7.1,0.0,56.7,0.0,0.0,0.0,18.9
2020-04-17 00:52:01,18.4,9.2,0.0,71.4,0.0,0.0,1.0,0.0
2020-04-17 00:53:01,17.2,5.1,0.0,76.8,0.0,0.0,0.0,1.0
2020-04-17 00:54:01,14.3,5.7,0.0,68.6,0.0,0.0,0.0,11.4
2020-04-17 00:55:02,16.6,10.2,0.0,31.2,1.3,0.0,0.0,40.8
2020-04-17 00:56:01,16.4,3.9,0.0,51.6,0.8,0.0,0.8,26.6
2020-04-17 00:57:02,16.8,6.1,0.0,52.7,0.0,0.0,1.5,22.9
2020-04-17 00:58:01,20.0,9.1,0.0,67.3,0.0,0.0,0.0,3.6
2020-04-17 00:59:01,21.0,4.0,0.0,74.0,0.0,0.0,0.0,1.0
2020-04-17 01:00:02,18.2,7.4,0.0,8.8,2.7,0.0,0.7,62.2
2020-04-17 01:01:01,27.1,8.4,0.0,32.3,0.0,0.0,1.3,31.0
2020-04-17 01:02:02,17.3,5.5,0.0,59.8,0.0,0.0,0.8,16.5
2020-04-17 01:03:01,34.5,6.4,0.0,37.3,0.9,0.0,0.0,20.9
2020-04-17 01:04:01,22.8,6.5,0.0,27.2,0.0,0.0,0.5,42.9
2020-04-17 01:05:02,20.7,5.2,0.0,20.1,1.7,0.0,0.0,52.3
2020-04-17 01:06:01,13.3,5.5,0.0,61.7,0.0,0.0,0.0,19.5
2020-04-17 01:07:01,20.3,2.5,0.0,66.9,0.0,0.0,0.8,9.3
2020-04-17 01:08:01,16.3,4.7,0.0,50.4,0.0,0.0,0.0,28.7
2020-04-17 01:09:02,19.3,9.3,0.0,42.9,0.7,0.0,0.7,27.1
2020-04-17 01:10:01,18.0,7.2,0.0,64.9,0.0,0.0,0.0,9.9
2020-04-17 01:11:01,13.1,3.1,0.0,57.7,0.0,0.0,0.0,26.2
2020-04-17 01:12:02,14.4,6.1,0.0,53.0,0.0,0.0,0.8,25.8
2020-04-17 01:13:01,15.9,4.5,0.0,59.8,0.0,0.0,0.0,19.7
2020-04-17 01:14:01,17.4,5.5,0.0,66.1,0.0,0.0,0.9,10.1
2020-04-17 01:15:01,23.3,10.1,0.0,17.1,0.0,0.0,0.0,49.6
2020-04-17 01:16:01,20.6,4.7,0.0,66.4,0.0,0.0,0.9,7.5
2020-04-17 01:17:01,14.5,6.5,0.0,52.2,0.0,0.0,0.0,26.8
2020-04-17 01:18:01,12.4,2.2,0.0,67.2,0.7,0.0,2.2,15.3
2020-04-17 01:19:02,19.3,7.0,0.0,57.0,0.0,0.0,0.0,16.7
2020-04-17 01:20:01,13.9,6.4,0.0,48.0,0.0,0.0,0.6,31.2
2020-04-17 01:21:01,16.0,4.2,0.0,67.2,0.0,0.0,0.0,12.6
2020-04-17 01:22:02,17.1,5.5,0.0,48.6,0.0,0.0,0.7,28.1
2020-04-17 01:23:01,20.4,5.8,0.0,71.8,0.0,0.0,1.0,1.0
2020-04-17 01:24:01,15.2,7.6,0.0,67.6,0.0,0.0,0.0,9.5
2020-04-17 01:25:02,21.2,3.2,0.0,34.6,0.0,0.0,0.0,41.0
2020-04-17 01:26:01,22.4,6.5,0.0,67.3,0.0,0.0,0.0,3.7
2020-04-17 01:27:01,18.6,5.1,0.0,58.5,0.0,0.0,0.0,17.8
2020-04-17 01:28:02,25.2,6.1,0.0,56.5,0.0,0.0,0.9,11.3
2020-04-17 01:29:01,14.6,4.6,0.0,60.8,0.0,0.0,0.0,20.0
2020-04-17 01:30:01,35.7,15.7,0.0,33.0,0.0,0.0,0.0,15.7
2020-04-17 01:31:01,15.0,4.7,0.0,59.8,1.6,0.0,0.0,18.9
2020-04-17 01:32:02,22.0,7.3,0.0,62.4,0.0,0.0,0.0,8.3
2020-04-17 01:33:01,22.2,4.6,0.0,65.7,0.0,0.0,0.9,6.5
2020-04-17 01:34:01,16.2,6.1,0.0,77.8,0.0,0.0,0.0,0.0
2020-04-17 01:35:01,18.7,3.6,0.0,51.8,0.0,0.0,0.0,25.9
2020-04-17 01:36:02,16.2,3.5,0.0,44.4,0.0,0.0,0.0,35.9
2020-04-17 01:37:01,20.6,6.9,0.0,68.6,0.0,0.0,0.0,3.9
2020-04-17 01:38:01,18.9,7.4,0.0,58.2,0.0,0.0,0.8,14.8
2020-04-17 01:39:02,13.8,3.7,0.0,16.9,1.6,0.0,0.0,64.0
2020-04-17 01:40:02,14.1,3.7,0.0,39.9,0.0,0.0,0.0,42.3
2020-04-17 01:41:01,13.5,5.8,0.0,76.9,0.0,0.0,1.0,2.9
2020-04-17 01:42:01,15.3,4.1,0.0,79.6,0.0,0.0,0.0,1.0
2020-04-17 01:43:01,17.0,4.4,0.0,54.1,0.0,0.0,0.0,24.4
2020-04-17 01:44:01,16.4,6.0,0.0,56.9,0.0,0.0,0.0,20.7
2020-04-17 01:45:01,42.6,14.0,0.0,31.8,0.0,0.0,0.8,10.9
2020-04-17 01:46:02,16.4,6.9,0.0,59.5,0.0,0.0,0.0,17.2
2020-04-17 01:47:01,18.0,9.0,0.0,61.3,0.0,0.0,0.0,11.7
2020-04-17 01:48:01,19.4,7.8,0.0,70.9,0.0,0.0,0.0,1.9
2020-04-17 01:49:01,15.3,8.9,0.0,54.8,0.0,0.0,0.0,21.0
2020-04-17 01:50:02,14.1,4.9,0.0,27.7,0.0,0.0,0.0,53.4
2020-04-17 01:51:01,17.4,4.6,0.0,65.1,0.0,0.0,0.9,11.9
2020-04-17 01:52:01,15.2,3.0,0.0,81.8,0.0,0.0,0.0,0.0
2020-04-17 01:53:02,14.8,6.6,0.0,66.4,0.0,0.0,0.0,12.3
2020-04-17 01:54:01,21.7,4.2,0.0,36.4,0.0,0.0,1.4,36.4
2020-04-17 01:55:02,15.9,4.0,0.0,20.5,3.4,0.0,0.6,55.7
2020-04-17 01:56:02,18.2,5.3,0.0,45.5,3.8,0.0,0.0,27.3
2020-04-17 01:57:01,19.1,5.5,0.0,70.0,0.0,0.0,0.9,4.5
2020-04-17 01:58:01,16.5,1.8,0.0,68.8,0.0,0.0,0.0,12.8
2020-04-17 01:59:01,16.2,4.8,0.0,66.7,0.0,0.0,0.0,12.4
2020-04-17 02:00:02,21.1,14.3,0.0,6.8,2.3,0.0,0.0,55.6
2020-04-17 02:01:01,16.5,6.5,0.0,42.4,0.0,0.0,0.0,34.5
2020-04-17 02:02:01,17.8,5.2,0.0,55.6,0.0,0.0,0.7,20.7
2020-04-17 02:03:02,17.5,6.6,0.0,48.9,0.0,0.0,0.0,27.0
2020-04-17 02:04:01,18.8,5.0,0.0,72.3,0.0,0.0,1.0,3.0
2020-04-17 02:05:01,16.1,4.8,0.0,61.3,0.0,0.0,0.0,17.7
2020-04-17 02:06:01,14.7,3.3,0.0,52.7,0.0,0.0,0.0,29.3
2020-04-17 02:07:02,21.9,5.1,0.0,39.4,0.0,0.0,0.0,33.6
2020-04-17 02:08:01,16.0,5.0,0.0,78.0,0.0,0.0,0.0,1.0
2020-04-17 02:09:02,14.1,7.1,0.0,26.3,0.0,0.0,0.5,52.0
2020-04-17 02:10:01,18.2,6.1,0.0,75.8,0.0,0.0,0.0,0.0
2020-04-17 02:11:01,16.9,6.2,0.0,51.5,0.0,0.0,0.0,25.4
2020-04-17 02:12:02,17.2,4.9,0.0,51.6,0.0,0.0,0.0,26.2
2020-04-17 02:13:01,16.4,5.5,0.0,66.4,0.0,0.0,0.0,11.8
2020-04-17 02:14:01,18.0,5.0,0.0,56.8,0.0,0.0,0.0,20.1
2020-04-17 02:15:01,26.3,9.8,0.0,17.3,0.0,0.0,0.0,46.6
2020-04-17 02:16:01,16.9,2.9,0.0,44.9,0.0,0.0,0.7,34.6
2020-04-17 02:17:02,17.7,6.2,0.0,44.6,0.0,0.0,0.0,31.5
2020-04-17 02:18:01,15.7,3.6,0.0,52.1,0.0,0.0,0.7,27.9
2020-04-17 02:19:01,19.3,6.1,0.0,60.5,0.0,0.0,0.0,14.0
2020-04-17 02:20:02,14.2,2.4,0.0,31.6,0.0,0.0,0.5,51.4
2020-04-17 02:21:01,17.4,7.0,0.0,60.0,0.9,0.0,0.9,13.9
2020-04-17 02:22:01,17.6,3.9,0.0,45.1,0.0,0.0,0.0,33.3
2020-04-17 02:23:01,32.4,10.8,0.0,55.9,0.0,0.0,0.0,1.0
2020-04-17 02:24:02,22.3,4.6,0.0,48.5,0.0,0.0,1.5,23.1
2020-04-17 02:25:02,13.9,2.9,0.0,29.2,0.0,0.0,0.5,53.6
2020-04-17 02:26:01,16.2,5.1,0.0,78.8,0.0,0.0,0.0,0.0
2020-04-17 02:27:01,16.2,5.4,0.0,66.7,0.0,0.0,0.0,11.7
2020-04-17 02:28:01,17.7,6.2,0.0,58.4,0.0,0.0,0.9,16.8
2020-04-17 02:29:02,17.3,6.0,0.0,53.0,0.0,0.0,1.2,22.6
2020-04-17 02:30:01,34.4,12.0,0.0,34.4,0.0,0.0,1.6,17.6
2020-04-17 02:31:01,13.7,7.6,0.0,55.0,0.0,0.0,0.8,22.9
2020-04-17 02:32:01,15.0,4.7,0.0,57.5,0.0,0.0,0.0,22.8
2020-04-17 02:33:01,18.2,5.3,0.0,34.8,0.0,0.0,0.8,40.9
2020-04-17 02:34:02,15.7,4.1,0.0,35.5,0.0,0.0,0.6,44.2
2020-04-17 02:35:01,18.4,6.4,0.0,54.4,0.0,0.0,0.8,20.0
2020-04-17 02:36:02,18.4,5.6,0.0,49.6,0.0,0.0,0.0,26.4
2020-04-17 02:37:01,20.6,7.1,0.0,54.8,0.0,0.0,1.6,15.9
2020-04-17 02:38:01,20.0,5.7,0.0,68.6,0.0,0.0,0.0,5.7
2020-04-17 02:39:01,19.4,9.4,0.0,37.2,0.0,0.0,0.0,33.9
2020-04-17 02:40:02,22.6,6.2,0.0,33.6,0.0,0.0,0.0,37.7
2020-04-17 02:41:01,18.1,5.8,0.0,59.4,0.0,0.0,0.0,16.7
2020-04-17 02:42:02,18.3,3.3,0.0,56.7,0.0,0.0,0.0,21.7
2020-04-17 02:43:01,17.5,4.9,0.0,77.7,0.0,0.0,0.0,0.0
2020-04-17 02:44:01,22.7,5.2,0.0,62.9,3.1,0.0,0.0,6.2
2020-04-17 02:45:01,28.9,10.5,0.0,24.6,0.0,0.0,0.0,36.0
2020-04-17 02:46:01,17.2,6.2,0.0,57.0,0.0,0.0,0.8,18.8
2020-04-17 02:47:02,21.3,4.1,0.0,50.0,0.0,0.0,0.8,23.8
2020-04-17 02:48:01,18.2,4.0,0.0,76.8,0.0,0.0,0.0,1.0
2020-04-17 02:49:01,19.2,6.7,0.0,70.2,0.0,0.0,1.0,2.9
2020-04-17 02:50:01,18.9,4.9,0.0,14.0,0.0,0.0,0.0,62.2
2020-04-17 02:51:02,18.8,7.5,0.0,44.4,0.0,0.0,0.0,29.3
2020-04-17 02:52:01,20.0,4.8,0.0,69.5,0.0,0.0,1.0,4.8
2020-04-17 02:53:01,17.0,6.4,0.0,48.2,0.0,0.0,0.0,28.4
2020-04-17 02:54:02,12.2,5.3,0.0,61.8,0.0,0.0,0.8,19.8
2020-04-17 02:55:01,21.9,14.9,0.0,41.2,0.9,0.0,0.0,21.1
2020-04-17 02:56:01,20.3,5.9,0.0,52.5,5.1,0.0,0.8,15.3
2020-04-17 02:57:02,15.0,7.1,0.0,55.9,0.0,0.0,0.8,21.3
2020-04-17 02:58:01,15.8,5.9,0.0,76.2,0.0,0.0,2.0,0.0
2020-04-17 02:59:01,20.0,4.8,0.0,70.5,0.0,0.0,0.0,4.8
2020-04-17 03:00:02,19.5,12.5,1.6,12.5,3.1,0.0,0.0,50.8
2020-04-17 03:01:02,14.3,8.4,3.2,17.5,0.0,0.0,1.3,55.2
2020-04-17 03:02:01,23.0,6.6,43.4,5.7,0.8,0.0,0.8,19.7
2020-04-17 03:03:01,18.7,9.3,55.1,5.6,0.0,0.0,0.9,10.3
2020-04-17 03:04:02,21.5,7.5,63.6,5.6,0.0,0.0,0.0,1.9
2020-04-17 03:05:01,21.1,7.3,65.1,0.0,0.0,0.0,0.0,6.4
2020-04-17 03:06:01,23.1,6.8,56.4,2.6,0.9,0.0,0.0,10.3
2020-04-17 03:07:01,18.2,5.8,46.7,0.0,0.0,0.0,0.0,29.2
2020-04-17 03:08:01,20.6,7.5,71.0,0.0,0.0,0.0,0.0,0.9
2020-04-17 03:09:02,19.3,6.7,53.8,0.0,0.0,0.0,0.8,19.3
2020-04-17 03:10:02,17.6,5.9,33.8,0.0,0.0,0.0,0.0,42.6
2020-04-17 03:11:01,15.5,5.5,56.4,0.9,0.0,0.0,0.0,21.8
2020-04-17 03:12:02,21.4,4.3,65.8,0.0,0.0,0.0,0.9,7.7
2020-04-17 03:13:01,18.5,7.3,71.0,2.4,0.0,0.0,0.0,0.8
2020-04-17 03:14:01,22.1,8.7,61.5,1.9,0.0,0.0,0.0,5.8
2020-04-17 03:15:02,18.5,10.0,17.7,0.0,0.0,0.0,0.0,53.8
2020-04-17 03:16:01,16.8,7.5,71.0,0.0,0.0,0.0,0.0,4.7
2020-04-17 03:17:01,14.1,6.4,48.7,0.6,0.0,0.0,0.0,30.1
2020-04-17 03:18:02,21.7,11.2,48.0,0.0,0.0,0.0,0.0,19.1
2020-04-17 03:19:01,17.9,6.0,53.8,1.7,0.0,0.0,0.9,19.7
2020-04-17 03:20:02,14.1,5.4,43.0,0.7,0.0,0.0,0.0,36.9
2020-04-17 03:21:01,25.0,5.2,69.0,0.9,0.0,0.0,0.0,0.0
2020-04-17 03:22:01,17.6,3.2,76.0,0.0,0.0,0.0,0.0,3.2
2020-04-17 03:23:02,18.2,5.5,71.8,2.7,0.0,0.0,0.9,0.9
2020-04-17 03:24:01,19.6,4.7,71.0,3.7,0.0,0.0,0.0,0.9
2020-04-17 03:25:01,20.6,4.0,61.7,1.7,0.0,0.0,0.0,12.0
2020-04-17 03:26:01,18.9,5.4,73.9,1.8,0.0,0.0,0.0,0.0
2020-04-17 03:27:02,18.7,5.6,66.4,2.8,0.0,0.0,0.0,6.5
2020-04-17 03:28:01,20.0,8.2,69.1,0.9,0.0,0.0,0.0,1.8
2020-04-17 03:29:01,19.7,7.9,67.7,0.8,0.0,0.0,0.0,3.9
2020-04-17 03:30:01,17.8,7.8,28.7,0.0,0.0,0.0,0.0,45.7
2020-04-17 03:31:01,20.0,6.7,37.8,5.9,2.2,0.0,0.0,27.4
2020-04-17 03:32:01,14.0,6.0,75.0,2.0,0.0,0.0,0.0,3.0
2020-04-17 03:33:02,17.5,5.8,60.8,0.8,0.0,0.0,0.8,14.2
2020-04-17 03:34:01,17.5,7.0,71.1,4.4,0.0,0.0,0.0,0.0
2020-04-17 03:35:01,16.2,5.4,47.7,1.5,0.0,0.0,0.0,29.2
2020-04-17 03:36:02,18.2,6.4,62.7,3.6,0.0,0.0,0.0,9.1
2020-04-17 03:37:02,18.8,5.1,0.0,61.5,0.0,0.0,0.0,14.5
2020-04-17 03:38:01,19.2,3.8,0.0,74.0,0.0,0.0,0.0,2.9
2020-04-17 03:39:01,17.9,4.9,0.0,27.2,0.0,0.0,0.6,49.4
2020-04-17 03:40:01,16.0,6.7,0.0,60.5,0.0,0.0,0.8,16.0
2020-04-17 03:41:02,15.5,6.3,0.0,52.8,0.0,0.0,0.7,24.6
2020-04-17 03:42:01,19.3,4.6,0.0,59.6,0.0,0.0,0.9,15.6
2020-04-17 03:43:01,18.5,4.2,0.0,52.1,0.0,0.0,0.0,25.2
2020-04-17 03:44:01,17.5,1.8,0.0,67.5,0.0,0.0,0.9,12.3
2020-04-17 03:45:02,23.5,10.5,0.0,20.3,0.0,0.0,0.0,45.8
2020-04-17 03:46:01,13.1,4.4,0.0,56.2,0.0,0.0,0.0,26.3
2020-04-17 03:47:01,16.9,5.1,0.0,66.1,0.0,0.0,0.8,11.0
2020-04-17 03:48:01,18.2,4.5,0.0,65.5,0.0,0.0,1.8,10.0
2020-04-17 03:49:02,18.2,6.1,0.0,73.7,0.0,0.0,0.0,2.0
2020-04-17 03:50:01,18.4,5.8,0.0,67.0,0.0,0.0,0.0,8.7
2020-04-17 03:51:01,15.6,4.6,0.0,64.2,0.0,0.0,0.9,14.7
2020-04-17 03:52:02,15.1,4.0,0.0,57.9,0.0,0.0,0.8,22.2
2020-04-17 03:53:01,20.8,1.9,0.0,68.9,0.0,0.0,0.0,8.5
2020-04-17 03:54:01,15.6,5.4,0.0,52.1,0.0,0.0,0.0,26.9
2020-04-17 03:55:01,15.3,17.6,0.0,34.1,0.6,0.0,0.0,32.4
2020-04-17 03:56:01,15.9,5.3,0.0,61.9,0.0,0.0,0.0,16.8
2020-04-17 03:57:02,19.6,7.1,0.0,59.8,0.0,0.0,0.9,12.5
2020-04-17 03:58:01,20.8,5.9,0.0,71.3,0.0,0.0,2.0,0.0
2020-04-17 03:59:01,19.8,3.8,0.0,67.0,0.0,0.0,0.0,9.4
2020-04-17 04:00:01,17.4,12.1,0.0,26.8,7.4,0.0,0.7,35.6
2020-04-17 04:01:01,15.3,5.8,0.0,58.4,0.0,0.0,0.0,20.4
2020-04-17 04:02:01,16.7,5.0,0.0,66.7,0.0,0.0,0.0,11.7
2020-04-17 04:03:02,15.9,4.8,0.0,56.3,0.0,0.0,0.8,22.2
2020-04-17 04:04:01,18.4,4.8,0.0,56.0,0.0,0.0,0.8,20.0
2020-04-17 04:05:01,12.0,5.1,0.0,18.3,0.0,0.0,3.4,61.1
2020-04-17 04:06:02,19.7,6.8,0.0,35.0,0.0,0.0,1.7,36.8
2020-04-17 04:07:01,13.3,3.9,0.0,64.8,0.0,0.0,0.8,17.2
2020-04-17 04:08:01,18.8,6.8,0.0,59.8,0.0,0.0,0.0,14.5
2020-04-17 04:09:00,21.4,11.2,0.0,65.3,1.0,0.0,1.0,0.0
2020-04-17 04:10:02,12.4,1.8,0.0,23.5,0.0,0.0,0.0,62.4
2020-04-17 04:11:01,15.2,6.7,0.0,70.5,0.0,0.0,0.0,7.6
2020-04-17 04:12:01,16.2,3.6,0.0,58.6,0.0,0.0,0.0,21.6
2020-04-17 04:13:02,18.3,6.7,0.0,55.0,0.0,0.0,0.0,20.0
2020-04-17 04:14:01,18.0,5.0,0.0,77.0,0.0,0.0,0.0,0.0
2020-04-17 04:15:01,28.1,18.0,0.0,10.8,0.0,0.0,0.0,43.2
2020-04-17 04:16:01,19.6,9.3,0.0,70.1,0.0,0.0,1.0,0.0
2020-04-17 04:17:01,19.8,3.0,0.0,74.3,0.0,0.0,2.0,1.0
2020-04-17 04:18:01,14.2,8.0,0.0,61.1,0.0,0.0,0.0,16.8
2020-04-17 04:19:01,13.7,3.6,0.0,53.2,0.0,0.0,0.7,28.8
2020-04-17 04:20:02,12.5,4.5,0.0,44.3,0.0,0.0,0.0,38.6
2020-04-17 04:21:01,15.0,4.7,0.0,60.6,0.0,0.0,1.6,18.1
2020-04-17 04:22:01,19.3,8.3,0.0,67.0,0.0,0.0,0.0,5.5
2020-04-17 04:23:02,21.2,1.8,0.0,59.3,0.0,0.0,0.0,17.7
2020-04-17 04:24:01,17.8,5.0,0.0,77.2,0.0,0.0,0.0,0.0
2020-04-17 04:25:01,18.4,5.3,0.0,66.7,0.0,0.0,0.0,9.6
2020-04-17 04:26:02,15.5,5.8,0.0,69.9,2.9,0.0,1.0,4.9
2020-04-17 04:27:01,16.7,5.2,0.0,78.1,0.0,0.0,0.0,0.0
2020-04-17 04:28:01,15.5,3.9,0.0,58.1,0.0,0.0,0.0,22.5
2020-04-17 04:29:01,15.7,3.9,0.0,76.5,0.0,0.0,2.0,2.0
2020-04-17 04:30:02,26.0,12.2,0.0,22.8,0.0,0.0,0.0,39.0
2020-04-17 04:31:01,16.9,5.1,0.0,65.3,0.0,0.0,1.7,11.0
2020-04-17 04:32:01,24.5,2.7,0.0,64.5,0.0,0.0,0.9,7.3
2020-04-17 04:33:02,20.6,4.7,0.0,65.4,0.0,0.0,0.9,8.4
2020-04-17 04:34:01,19.8,3.6,0.0,64.9,0.0,0.0,0.0,11.7
2020-04-17 04:35:01,18.4,4.4,0.0,41.9,0.0,0.0,0.0,35.3
2020-04-17 04:36:02,16.8,4.7,0.0,73.8,0.0,0.0,0.9,3.7
2020-04-17 04:37:01,18.8,5.0,0.0,76.2,0.0,0.0,0.0,0.0
2020-04-17 04:38:01,29.1,5.8,0.0,65.0,0.0,0.0,0.0,0.0
2020-04-17 04:39:01,22.2,8.3,0.0,41.7,0.0,0.0,0.0,27.8
2020-04-17 04:40:01,16.4,6.4,0.0,50.0,0.0,0.0,0.7,26.4
2020-04-17 04:41:02,14.8,4.9,0.0,66.4,0.0,0.0,0.0,13.9
2020-04-17 04:42:01,19.2,4.0,0.0,76.8,0.0,0.0,0.0,0.0
2020-04-17 04:43:01,19.8,5.9,0.0,71.3,0.0,0.0,0.0,3.0
2020-04-17 04:44:01,18.4,6.1,0.0,58.8,0.0,0.0,0.0,16.7
2020-04-17 04:45:02,29.1,9.5,0.0,12.0,0.0,0.0,0.0,49.4
2020-04-17 04:46:01,12.2,4.6,0.0,59.5,0.0,0.0,1.5,22.1
2020-04-17 04:47:01,18.9,3.1,0.0,59.8,0.0,0.0,0.0,18.1
2020-04-17 04:48:02,14.4,7.7,0.0,76.0,0.0,0.0,0.0,1.9
2020-04-17 04:49:01,17.5,5.8,0.0,57.5,0.0,0.0,0.0,19.2
2020-04-17 04:50:01,20.4,8.0,0.0,42.5,0.0,0.0,0.9,28.3
2020-04-17 04:51:02,17.5,4.4,0.0,51.8,0.0,0.0,0.0,26.3
2020-04-17 04:52:01,16.0,8.0,0.0,74.0,0.0,0.0,2.0,0.0
2020-04-17 04:53:01,18.0,4.0,0.0,77.0,0.0,0.0,0.0,1.0
2020-04-17 04:54:01,19.4,3.2,0.0,77.4,0.0,0.0,0.0,0.0
2020-04-17 04:55:02,17.2,14.2,0.0,21.3,1.2,0.0,0.0,46.2
2020-04-17 04:56:01,18.1,8.6,0.0,66.7,0.0,0.0,0.0,6.7
2020-04-17 04:57:01,19.4,4.8,0.0,58.9,0.0,0.0,0.0,16.9
2020-04-17 04:58:02,16.0,2.5,0.0,49.6,0.0,0.0,0.0,31.9
2020-04-17 04:59:01,17.3,4.1,0.0,76.5,0.0,0.0,0.0,2.0
2020-04-17 05:00:01,30.0,9.2,0.0,28.3,6.7,0.0,0.0,25.8
2020-04-17 05:01:01,21.7,5.8,0.0,48.6,0.0,0.0,0.0,23.9
2020-04-17 05:02:01,13.6,4.5,0.0,63.6,0.0,0.0,0.9,17.3
2020-04-17 05:03:01,16.0,5.9,0.0,67.2,0.0,0.0,0.0,10.9
2020-04-17 05:04:01,18.4,4.4,0.0,61.4,0.0,0.0,0.0,15.8
2020-04-17 05:05:02,16.1,3.2,0.0,50.0,0.0,0.0,0.0,30.6
2020-04-17 05:06:01,17.0,6.0,0.0,74.0,0.0,0.0,2.0,1.0
2020-04-17 05:07:01,16.4,7.3,0.0,66.4,0.0,0.0,0.9,9.1
2020-04-17 05:08:01,20.5,3.6,0.0,66.1,0.0,0.0,0.0,9.8
2020-04-17 05:09:01,21.1,11.9,0.0,56.9,1.8,0.0,0.9,7.3
2020-04-17 05:10:01,16.0,4.8,0.0,52.0,0.0,0.0,0.0,27.2
2020-04-17 05:11:01,16.5,3.7,0.0,61.5,0.0,0.0,0.0,18.3
2020-04-17 05:12:02,20.8,7.5,0.0,43.3,0.0,0.0,0.8,27.5
2020-04-17 05:13:01,17.0,7.0,0.0,73.0,0.0,0.0,0.0,3.0
2020-04-17 05:14:01,20.7,5.0,0.0,51.2,0.0,0.0,1.7,21.5
2020-04-17 05:15:01,22.0,7.3,0.0,9.6,0.0,0.0,1.1,59.9
2020-04-17 05:16:01,15.2,2.9,0.0,47.1,0.0,0.0,0.7,34.1
2020-04-17 05:17:01,12.3,3.6,0.0,46.4,2.2,0.0,0.0,35.5
2020-04-17 05:18:02,17.3,6.3,0.0,53.5,0.0,0.0,0.8,22.0
2020-04-17 05:19:01,15.5,4.9,0.0,68.9,0.0,0.0,0.0,10.7
2020-04-17 05:20:01,13.4,6.7,0.0,43.3,0.0,0.0,0.7,35.8
2020-04-17 05:21:02,12.0,3.4,0.0,64.1,0.0,0.0,0.9,19.7
2020-04-17 05:22:01,16.5,3.9,0.0,74.8,0.0,0.0,1.0,3.9
2020-04-17 05:23:01,21.5,4.6,0.0,49.2,0.0,0.0,0.8,23.8
2020-04-17 05:24:02,22.7,7.8,0.0,50.0,0.0,0.0,0.8,18.8
2020-04-17 05:25:01,17.2,5.5,0.0,49.7,0.0,0.0,0.0,27.6
2020-04-17 05:26:01,17.1,6.3,0.0,55.0,0.0,0.0,0.0,21.6
2020-04-17 05:27:02,16.4,5.5,0.0,57.0,0.0,0.0,0.0,21.1
2020-04-17 05:28:01,18.3,4.6,0.0,68.8,0.0,0.0,0.9,7.3
2020-04-17 05:29:01,18.0,5.4,0.0,38.9,0.0,0.0,0.6,37.1
2020-04-17 05:30:02,32.8,17.2,0.0,15.5,0.0,0.0,0.0,34.5
2020-04-17 05:31:01,21.0,2.0,0.0,74.0,0.0,0.0,0.0,3.0
2020-04-17 05:32:01,18.5,8.1,0.0,50.8,0.0,0.0,0.0,22.6
2020-04-17 05:33:01,18.4,4.9,0.0,68.9,0.0,0.0,1.0,6.8
2020-04-17 05:34:02,15.5,2.7,0.0,39.9,0.0,0.0,0.0,41.9
2020-04-17 05:35:01,20.0,4.6,0.0,34.6,0.0,0.0,0.0,40.8
2020-04-17 05:36:02,25.2,4.2,0.0,32.8,0.0,0.0,0.0,37.8
2020-04-17 05:37:01,16.7,3.7,0.0,69.4,0.0,0.0,0.9,9.3
2020-04-17 05:38:01,18.3,4.3,0.0,55.7,0.0,0.0,0.9,20.9
2020-04-17 05:39:01,19.8,8.6,0.0,35.8,0.0,0.0,0.0,35.8
2020-04-17 05:40:02,19.7,4.4,0.0,38.7,0.0,0.0,0.7,36.5
2020-04-17 05:41:01,21.7,3.8,0.0,67.0,0.0,0.0,0.0,7.5
2020-04-17 05:42:01,18.4,4.8,0.0,58.4,0.0,0.0,0.0,18.4
2020-04-17 05:43:01,14.6,5.7,0.0,63.4,0.0,0.0,0.0,16.3
2020-04-17 05:44:02,14.5,5.7,0.0,41.5,0.0,0.0,0.6,37.7
2020-04-17 05:45:01,40.7,18.5,0.0,37.0,0.0,0.0,0.0,3.7
2020-04-17 05:46:01,20.1,4.5,0.0,39.6,0.0,0.0,0.6,35.1
2020-04-17 05:47:02,15.9,6.1,0.0,50.0,0.0,0.0,0.0,28.0
2020-04-17 05:48:01,17.8,3.4,0.0,63.6,0.0,0.0,0.8,14.4
2020-04-17 05:49:01,18.9,5.7,0.0,65.6,0.0,0.0,0.0,9.8
2020-04-17 05:50:02,18.1,3.8,0.0,36.2,0.0,0.0,0.0,41.9
2020-04-17 05:51:01,16.5,5.8,0.0,69.9,0.0,0.0,1.0,6.8
2020-04-17 05:52:01,18.9,5.4,0.0,63.1,0.0,0.0,0.0,12.6
2020-04-17 05:53:02,17.1,6.3,0.0,67.6,0.0,0.0,0.0,9.0
2020-04-17 05:54:01,18.4,5.6,0.0,42.4,0.0,0.0,0.0,33.6
2020-04-17 05:55:01,18.7,14.2,0.0,23.1,0.0,0.0,0.0,44.0
2020-04-17 05:56:01,14.0,9.1,0.0,54.5,0.8,0.0,0.8,20.7
2020-04-17 05:57:01,14.0,6.0,0.0,77.0,0.0,0.0,1.0,2.0
2020-04-17 05:58:01,20.3,4.9,0.0,54.5,0.0,0.0,0.0,20.3
2020-04-17 05:59:01,19.4,5.8,0.0,70.9,0.0,0.0,1.0,2.9
2020-04-17 06:00:01,18.3,12.7,0.0,24.6,8.7,0.0,0.0,35.7
2020-04-17 06:01:01,18.5,4.6,0.0,41.5,0.0,0.0,0.0,35.4
2020-04-17 06:02:01,19.2,4.0,0.0,75.8,0.0,0.0,0.0,1.0
2020-04-17 06:03:01,16.4,4.1,0.0,50.7,0.0,0.0,0.7,28.1
2020-04-17 06:04:02,15.6,6.6,0.0,61.5,0.0,0.0,0.8,15.6
2020-04-17 06:05:01,17.0,4.7,0.0,72.6,0.0,0.0,0.0,5.7
2020-04-17 06:06:01,22.4,10.2,0.0,62.2,3.1,0.0,0.0,2.0
2020-04-17 06:07:01,16.7,5.6,0.0,72.2,0.0,0.0,0.9,4.6
2020-04-17 06:08:01,16.5,3.9,0.0,35.4,0.0,0.0,1.6,42.5
2020-04-17 06:09:02,20.4,7.7,0.0,30.3,0.0,0.0,0.7,40.8
2020-04-17 06:10:01,21.7,5.0,0.0,49.2,0.0,0.0,0.8,23.3
2020-04-17 06:11:02,18.5,5.9,0.0,54.6,0.0,0.0,0.0,21.0
2020-04-17 06:12:01,14.1,3.0,0.0,81.8,0.0,0.0,0.0,1.0
2020-04-17 06:13:01,17.8,4.0,0.0,74.3,0.0,0.0,0.0,4.0
2020-04-17 06:14:01,17.3,9.1,0.0,69.1,0.0,0.0,0.0,4.5
2020-04-17 06:15:01,21.1,8.6,0.0,18.4,0.0,0.0,0.0,52.0
2020-04-17 06:16:01,19.5,3.4,0.0,56.8,0.0,0.0,1.7,18.6
2020-04-17 06:17:02,15.0,5.0,0.0,54.3,0.0,0.0,0.0,25.7
2020-04-17 06:18:01,15.1,3.8,0.0,81.1,0.0,0.0,0.0,0.0
2020-04-17 06:19:01,17.9,3.6,0.0,71.4,0.0,0.0,2.7,4.5
2020-04-17 06:20:01,20.8,4.7,0.0,65.1,0.0,0.0,0.0,9.4
2020-04-17 06:21:02,18.1,3.4,0.0,55.2,0.0,0.0,1.7,21.6
2020-04-17 06:22:01,19.4,9.3,0.0,65.7,0.0,0.0,0.0,5.6
2020-04-17 06:23:01,17.2,4.0,0.0,77.8,0.0,0.0,1.0,0.0
2020-04-17 06:24:01,12.2,4.1,0.0,82.7,0.0,0.0,0.0,1.0
2020-04-17 06:25:01,27.8,9.3,0.0,42.6,0.0,0.0,0.0,20.4
2020-04-17 06:26:01,19.0,6.9,0.0,52.6,0.0,0.0,0.9,20.7
2020-04-17 06:27:02,16.5,5.8,0.0,45.3,0.0,0.0,0.0,32.4
2020-04-17 06:28:01,13.5,5.2,0.0,81.2,0.0,0.0,0.0,0.0
2020-04-17 06:29:01,15.4,6.7,0.0,74.0,0.0,0.0,1.0,2.9
2020-04-17 06:30:01,31.7,14.3,0.0,26.1,0.0,0.0,0.6,27.3
2020-04-17 06:31:01,21.6,4.9,0.0,68.6,0.0,0.0,1.0,3.9
2020-04-17 06:32:01,17.7,3.5,0.0,61.1,0.0,0.0,0.9,16.8
2020-04-17 06:33:01,19.6,3.9,0.0,73.5,0.0,0.0,1.0,2.0
2020-04-17 06:34:02,14.3,8.0,0.0,71.4,0.0,0.0,0.0,6.2
2020-04-17 06:35:01,13.6,3.4,0.0,46.9,0.0,0.0,0.6,35.6
2020-04-17 06:36:01,13.5,4.8,0.0,75.0,0.0,0.0,0.0,6.7
2020-04-17 06:37:01,13.7,7.8,0.0,76.5,0.0,0.0,0.0,2.0
2020-04-17 06:38:02,19.5,4.2,0.0,60.2,0.0,0.0,0.0,16.1
2020-04-17 06:39:01,24.5,13.3,0.0,60.2,0.0,0.0,0.0,2.0
2020-04-17 06:40:01,15.0,3.6,0.0,48.6,0.0,0.0,0.7,32.1
2020-04-17 06:41:01,13.2,6.6,0.0,79.2,0.0,0.0,0.9,0.0
2020-04-17 06:42:01,20.9,4.5,0.0,66.4,0.0,0.0,0.9,7.3
2020-04-17 06:43:01,17.3,3.8,0.0,69.2,0.0,0.0,1.0,8.7
2020-04-17 06:44:01,19.0,3.0,0.0,75.0,0.0,0.0,0.0,3.0
2020-04-17 06:45:02,30.4,14.3,0.0,27.7,0.0,0.0,0.0,27.7
2020-04-17 06:46:01,19.2,4.0,0.0,74.7,0.0,0.0,1.0,1.0
2020-04-17 06:47:01,17.5,4.0,0.0,50.8,0.0,0.0,0.8,27.0
2020-04-17 06:48:01,17.2,4.3,0.0,50.9,0.0,0.0,0.9,26.7
2020-04-17 06:49:01,18.8,4.5,0.0,63.4,0.0,0.0,0.9,12.5
2020-04-17 06:50:02,17.6,4.4,0.0,25.0,0.0,0.0,0.0,52.9
2020-04-17 06:51:01,11.3,5.2,0.0,82.5,0.0,0.0,1.0,0.0
2020-04-17 06:52:01,14.9,5.0,0.0,75.2,0.0,0.0,2.0,3.0
2020-04-17 06:53:02,18.6,4.9,0.0,70.6,0.0,0.0,1.0,4.9
2020-04-17 06:54:02,20.4,3.9,0.0,69.9,0.0,0.0,0.0,5.8
2020-04-17 06:55:01,18.8,21.8,0.0,59.4,0.0,0.0,0.0,0.0
2020-04-17 06:56:02,14.8,5.5,0.0,34.4,3.9,0.0,0.0,41.4
2020-04-17 06:57:01,12.6,5.3,0.0,82.1,0.0,0.0,0.0,0.0
2020-04-17 06:58:01,16.8,7.9,0.0,71.3,0.0,0.0,0.0,4.0
2020-04-17 06:59:01,14.1,6.1,0.0,75.8,0.0,0.0,1.0,3.0
2020-04-17 07:00:02,21.2,9.6,0.0,11.6,4.1,0.0,0.7,52.7
2020-04-17 07:01:01,12.3,3.9,0.0,46.1,0.0,0.0,0.6,37.0
2020-04-17 07:02:02,14.6,4.9,0.0,60.2,0.0,0.0,0.0,20.3
2020-04-17 07:03:01,15.2,5.1,0.0,78.8,0.0,0.0,1.0,0.0
2020-04-17 07:04:01,22.2,8.1,0.0,66.7,0.0,0.0,2.0,1.0
2020-04-17 07:05:01,17.0,5.4,0.0,52.7,0.0,0.0,0.9,24.1
2020-04-17 07:06:02,17.8,6.2,0.0,39.7,0.0,0.0,0.7,35.6
2020-04-17 07:07:01,14.3,5.1,0.0,79.6,0.0,0.0,1.0,0.0
2020-04-17 07:08:01,14.0,4.0,0.0,79.0,0.0,0.0,1.0,2.0
2020-04-17 07:09:01,19.7,9.8,0.0,55.7,0.8,0.0,0.8,13.1
2020-04-17 07:10:02,18.8,3.5,0.0,36.1,0.0,0.0,0.0,41.7
2020-04-17 07:11:01,21.0,3.4,0.0,63.0,0.0,0.0,0.0,12.6
2020-04-17 07:12:01,18.9,5.4,0.0,63.1,0.0,0.0,0.9,11.7
2020-04-17 07:13:02,16.5,7.3,0.0,73.4,0.0,0.0,1.8,0.9
2020-04-17 07:14:01,13.4,4.1,0.0,81.4,0.0,0.0,1.0,0.0
2020-04-17 07:15:01,34.4,17.2,0.0,34.4,0.0,0.0,0.0,13.9
2020-04-17 07:16:01,17.6,4.9,0.0,74.5,0.0,0.0,2.0,1.0
2020-04-17 07:17:02,22.6,3.5,0.0,35.7,0.9,0.0,0.9,36.5
2020-04-17 07:18:01,16.2,6.0,0.0,50.4,0.0,0.0,0.0,27.4
2020-04-17 07:19:01,15.2,6.7,0.0,46.7,0.6,0.0,0.6,30.3
2020-04-17 07:20:01,19.4,4.7,0.0,46.5,0.0,0.0,0.8,28.7
2020-04-17 07:21:01,17.2,4.0,0.0,78.8,0.0,0.0,0.0,0.0
2020-04-17 07:22:01,17.3,4.8,0.0,67.3,0.0,0.0,0.0,10.6
2020-04-17 07:23:01,17.0,5.3,0.0,77.7,0.0,0.0,0.0,0.0
2020-04-17 07:24:02,20.0,5.8,0.0,59.2,0.0,0.0,0.0,15.0
2020-04-17 07:25:02,14.8,2.7,0.0,38.3,0.0,0.0,0.0,44.3
2020-04-17 07:26:01,14.3,3.1,0.0,78.6,0.0,0.0,2.0,2.0
2020-04-17 07:27:01,18.2,3.0,0.0,77.8,0.0,0.0,0.0,1.0
2020-04-17 07:28:01,19.2,3.0,0.0,76.8,0.0,0.0,1.0,0.0
2020-04-17 07:29:02,16.0,5.0,0.0,79.0,0.0,0.0,0.0,0.0
2020-04-17 07:30:01,40.6,17.9,0.0,39.6,0.0,0.0,0.0,1.9
2020-04-17 07:31:01,11.5,3.1,0.0,85.4,0.0,0.0,0.0,0.0
2020-04-17 07:32:01,18.0,4.0,0.0,76.0,0.0,0.0,0.0,2.0
2020-04-17 07:33:01,11.1,6.1,0.0,82.8,0.0,0.0,0.0,0.0
2020-04-17 07:34:02,17.1,5.7,0.0,70.5,0.0,0.0,1.0,5.7
2020-04-17 07:35:01,19.0,6.0,0.0,73.0,0.0,0.0,1.0,1.0
2020-04-17 07:36:02,16.8,5.0,0.0,76.2,1.0,0.0,1.0,0.0
2020-04-17 07:37:01,19.7,4.3,0.0,60.7,0.0,0.0,0.0,15.4
2020-04-17 07:38:01,14.8,3.7,0.0,69.4,0.0,0.0,0.9,11.1
2020-04-17 07:39:01,19.5,11.9,0.0,47.5,0.0,0.0,1.7,19.5
2020-04-17 07:40:01,19.4,5.8,0.0,73.8,0.0,0.0,1.0,0.0
2020-04-17 07:41:01,18.4,4.1,0.0,76.5,0.0,0.0,1.0,0.0
2020-04-17 07:42:01,15.3,4.2,0.0,63.6,0.0,0.0,0.0,16.9
2020-04-17 07:43:02,19.8,4.0,0.0,69.3,0.0,0.0,0.0,6.9
2020-04-17 07:44:01,15.7,5.6,0.0,71.3,0.0,0.0,0.9,6.5
2020-04-17 07:45:01,45.6,8.7,0.0,43.7,0.0,0.0,1.9,0.0
2020-04-17 07:46:01,18.6,3.4,0.0,61.9,0.0,0.0,0.8,15.3
2020-04-17 07:47:01,15.4,4.3,0.0,61.5,0.0,0.0,0.0,18.8
2020-04-17 07:48:02,14.5,4.0,0.0,55.6,0.0,0.0,0.0,25.8
2020-04-17 07:49:01,17.2,4.0,0.0,77.8,0.0,0.0,1.0,0.0
2020-04-17 07:50:01,22.0,4.0,0.0,73.0,0.0,0.0,0.0,1.0
2020-04-17 07:51:01,18.1,4.3,0.0,68.1,0.0,0.0,0.0,9.5
2020-04-17 07:52:02,19.1,6.6,0.0,51.3,0.0,0.0,0.0,23.0
2020-04-17 07:53:01,17.1,5.7,0.0,77.1,0.0,0.0,0.0,0.0
2020-04-17 07:54:02,13.0,5.3,0.0,58.0,0.0,0.0,0.0,23.7
2020-04-17 07:55:01,17.2,4.0,0.0,65.7,13.1,0.0,0.0,0.0
2020-04-17 07:56:01,19.2,5.8,0.0,70.2,1.9,0.0,1.0,1.9
2020-04-17 07:57:01,21.1,4.6,0.0,61.5,0.0,0.0,0.0,12.8
2020-04-17 07:58:01,17.0,5.0,0.0,78.0,0.0,0.0,0.0,0.0
2020-04-17 07:59:01,16.5,4.6,0.0,67.0,0.0,0.0,0.0,11.9
2020-04-17 08:00:01,37.1,18.6,0.0,40.2,4.1,0.0,0.0,0.0
2020-04-17 08:01:01,21.8,5.9,0.0,71.3,0.0,0.0,1.0,0.0
2020-04-17 08:02:01,14.5,2.6,0.0,65.8,0.0,0.0,0.9,16.2
2020-04-17 08:03:01,21.3,2.8,0.0,58.3,0.0,0.0,0.0,17.6
2020-04-17 08:04:02,13.6,6.8,0.0,76.7,0.0,0.0,1.0,1.9
2020-04-17 08:05:01,14.9,6.7,0.0,50.7,0.0,0.0,0.7,26.9
2020-04-17 08:06:01,13.8,3.4,0.0,62.1,0.0,0.0,0.0,20.7
2020-04-17 08:07:02,17.4,3.7,0.0,71.6,0.0,0.0,0.0,7.3
2020-04-17 08:08:01,15.2,3.0,0.0,81.8,0.0,0.0,0.0,0.0
2020-04-17 08:09:01,22.3,9.9,0.0,45.5,1.7,0.0,0.0,20.7
2020-04-17 08:10:01,14.3,6.8,0.0,45.1,0.0,0.0,0.0,33.8
2020-04-17 08:11:01,15.8,3.5,0.0,63.2,0.0,0.0,0.9,16.7
2020-04-17 08:12:02,15.4,3.8,0.0,75.0,0.0,0.0,0.0,5.8
2020-04-17 08:13:01,16.7,6.1,0.0,47.7,0.0,0.0,0.0,29.5
2020-04-17 08:14:01,16.0,4.7,0.0,68.9,0.0,0.0,0.0,10.4
2020-04-17 08:15:01,29.1,8.8,0.0,12.2,0.0,0.0,0.0,50.0
2020-04-17 08:16:01,18.2,4.0,0.0,75.8,0.0,0.0,1.0,1.0
2020-04-17 08:17:01,16.5,7.3,0.0,67.0,0.0,0.0,0.9,8.3
2020-04-17 08:18:01,17.8,2.3,0.0,52.7,0.0,0.0,0.0,27.1
2020-04-17 08:19:01,16.9,3.4,0.0,61.0,0.0,0.0,0.8,17.8
2020-04-17 08:20:02,23.6,3.1,0.0,48.0,0.0,0.0,0.0,25.2
2020-04-17 08:21:01,18.4,4.1,0.0,77.6,0.0,0.0,0.0,0.0
2020-04-17 08:22:01,16.0,5.0,0.0,78.0,0.0,0.0,1.0,0.0
2020-04-17 08:23:02,17.2,3.7,0.0,50.7,0.0,0.0,0.0,28.4
2020-04-17 08:24:02,16.5,5.5,0.0,67.9,0.0,0.0,0.0,10.1
2020-04-17 08:25:01,16.0,2.1,0.0,80.9,0.0,0.0,1.1,0.0
2020-04-17 08:26:01,18.6,2.9,0.0,76.5,0.0,0.0,1.0,1.0
2020-04-17 08:27:01,15.3,4.1,0.0,80.6,0.0,0.0,0.0,0.0
2020-04-17 08:28:01,15.0,3.7,0.0,71.0,0.0,0.0,0.0,10.3
2020-04-17 08:29:02,11.5,8.3,0.0,80.2,0.0,0.0,0.0,0.0
2020-04-17 08:30:01,45.9,11.9,0.0,30.3,0.0,0.0,0.9,11.0
2020-04-17 08:31:01,19.7,2.5,0.0,59.8,0.0,0.0,0.0,18.0
2020-04-17 08:32:02,16.9,3.4,0.0,58.5,0.0,0.0,0.0,21.2
2020-04-17 08:33:01,17.8,5.0,0.0,75.2,0.0,0.0,0.0,2.0
2020-04-17 08:34:01,15.0,5.0,0.0,80.0,0.0,0.0,0.0,0.0
2020-04-17 08:35:01,14.4,4.8,0.0,75.0,0.0,0.0,0.0,5.8
2020-04-17 08:36:02,15.7,4.1,0.0,60.3,0.0,0.0,0.8,19.0
2020-04-17 08:37:01,18.9,3.2,0.0,77.9,0.0,0.0,0.0,0.0
2020-04-17 08:38:01,19.1,4.3,0.0,54.8,0.0,0.0,0.0,21.7
2020-04-17 08:39:01,18.4,10.5,0.0,42.1,0.0,0.0,0.9,28.1
2020-04-17 08:40:01,14.9,2.8,0.0,60.3,0.0,0.0,0.0,22.0
2020-04-17 08:41:01,15.2,4.8,0.0,70.5,0.0,0.0,1.0,8.6
2020-04-17 08:42:02,17.0,8.9,0.0,49.1,0.0,0.0,0.9,24.1
2020-04-17 08:43:01,20.2,4.0,0.0,75.8,0.0,0.0,0.0,0.0
2020-04-17 08:44:01,18.6,5.2,0.0,76.3,0.0,0.0,0.0,0.0
2020-04-17 08:45:01,31.9,10.4,0.0,31.9,0.0,0.0,1.5,24.4
2020-04-17 08:46:01,16.5,4.1,0.0,62.0,0.0,0.0,0.8,16.5
2020-04-17 08:47:01,20.2,3.8,0.0,68.3,0.0,0.0,1.0,6.7
2020-04-17 08:48:02,16.2,3.0,0.0,78.8,0.0,0.0,1.0,1.0
2020-04-17 08:49:01,17.9,7.4,0.0,72.6,0.0,0.0,1.1,1.1
2020-04-17 08:50:01,17.2,3.0,0.0,76.8,0.0,0.0,1.0,2.0
2020-04-17 08:51:01,13.4,6.4,0.0,43.9,0.0,0.0,0.0,36.3
2020-04-17 08:52:02,12.7,3.8,0.0,58.2,0.0,0.0,0.6,24.7
2020-04-17 08:53:01,15.6,4.2,0.0,79.2,0.0,0.0,1.0,0.0
2020-04-17 08:54:02,16.7,4.4,0.0,60.5,0.0,0.0,0.0,18.4
2020-04-17 08:55:01,16.1,11.0,0.0,37.4,2.6,0.0,0.6,32.3
2020-04-17 08:56:01,14.0,5.0,0.0,79.0,1.0,0.0,0.0,1.0
2020-04-17 08:57:02,16.5,5.2,0.0,77.3,0.0,0.0,0.0,1.0
2020-04-17 08:58:01,16.2,6.1,0.0,76.8,0.0,0.0,1.0,0.0
2020-04-17 08:59:01,19.8,5.0,0.0,75.2,0.0,0.0,0.0,0.0
2020-04-17 09:00:02,16.7,4.8,0.0,7.5,0.9,0.0,0.4,69.6
2020-04-17 09:01:02,18.6,3.5,0.0,64.6,0.0,0.0,0.0,13.3
2020-04-17 09:02:01,16.0,5.7,0.0,69.8,0.0,0.0,0.0,8.5
2020-04-17 09:03:01,17.2,4.0,0.0,76.8,0.0,0.0,2.0,0.0
2020-04-17 09:04:01,16.1,5.1,0.0,51.7,0.0,0.0,0.8,26.3
2020-04-17 09:05:02,15.1,7.2,0.0,29.6,0.0,0.0,0.7,47.4
2020-04-17 09:06:01,16.1,4.5,0.0,67.9,0.0,0.0,0.9,10.7
2020-04-17 09:07:01,12.3,4.7,0.0,74.5,0.0,0.0,0.0,8.5
2020-04-17 09:08:02,17.3,3.1,0.0,78.6,0.0,0.0,0.0,1.0
2020-04-17 09:09:02,15.3,3.8,0.0,33.1,2.5,0.0,0.6,44.6
2020-04-17 09:10:01,16.8,6.5,0.0,67.3,0.0,0.0,0.9,8.4
2020-04-17 09:11:01,17.1,5.4,0.0,40.3,0.0,0.0,0.0,37.2
2020-04-17 09:12:02,15.5,8.2,0.0,74.2,0.0,0.0,0.0,2.1
2020-04-17 09:13:01,16.8,4.6,0.0,61.1,0.0,0.0,0.0,17.6
2020-04-17 09:14:01,18.3,4.8,0.0,70.2,0.0,0.0,0.0,6.7
2020-04-17 09:15:02,22.9,9.2,0.0,8.4,0.0,0.0,0.0,59.5
2020-04-17 09:16:02,20.9,3.1,0.0,54.3,0.0,0.0,0.8,20.9
2020-04-17 09:17:01,13.5,3.6,0.0,69.4,0.0,0.0,0.0,13.5
2020-04-17 09:18:01,13.4,2.7,0.0,70.5,0.0,0.0,0.0,13.4
2020-04-17 09:19:01,17.0,4.5,0.0,65.2,0.0,0.0,0.9,12.5
2020-04-17 09:20:02,14.9,3.0,0.0,44.0,0.0,0.0,0.0,38.1
2020-04-17 09:21:01,18.2,7.1,0.0,70.7,0.0,0.0,0.0,4.0
2020-04-17 09:22:01,15.2,2.9,0.0,50.0,0.0,0.0,0.7,31.2
2020-04-17 09:23:02,17.4,5.1,0.0,42.0,0.0,0.0,0.7,34.8
2020-04-17 09:24:01,14.4,3.6,0.0,66.7,0.0,0.0,0.0,15.3
2020-04-17 09:25:02,14.1,4.7,0.0,46.3,0.0,0.0,0.0,34.9
2020-04-17 09:26:01,14.4,4.1,0.0,80.4,0.0,0.0,0.0,1.0
2020-04-17 09:27:01,18.2,7.1,0.0,73.7,0.0,0.0,0.0,1.0
2020-04-17 09:28:01,12.9,4.0,0.0,58.1,0.0,0.0,0.8,24.2
2020-04-17 09:29:02,15.4,5.4,0.0,60.8,0.0,0.0,0.0,18.5
2020-04-17 09:30:01,36.7,19.3,0.0,39.4,0.0,0.0,0.9,3.7
2020-04-17 09:31:02,13.4,7.6,0.0,62.2,0.0,0.0,0.0,16.8
2020-04-17 09:32:01,14.4,4.1,0.0,81.4,0.0,0.0,0.0,0.0
2020-04-17 09:33:01,17.1,9.4,0.0,62.4,0.0,0.0,0.0,11.1
2020-04-17 09:34:01,19.8,4.1,0.0,57.0,0.0,0.0,0.0,19.0
2020-04-17 09:35:02,11.0,2.9,0.0,22.7,0.0,0.0,0.0,63.4
2020-04-17 09:36:01,11.8,6.7,0.0,58.8,0.0,0.0,0.8,21.8
2020-04-17 09:37:02,20.3,6.2,0.0,50.0,0.0,0.0,0.0,23.4
2020-04-17 09:38:01,31.0,5.0,0.0,64.0,0.0,0.0,0.0,0.0
2020-04-17 09:39:01,18.5,6.7,0.0,23.7,0.0,0.0,0.7,50.4
2020-04-17 09:40:02,18.2,3.4,0.0,34.7,0.0,0.0,0.6,43.2
2020-04-17 09:41:01,18.2,4.5,0.0,61.8,0.0,0.0,0.0,15.5
2020-04-17 09:42:01,14.3,4.8,0.0,56.3,0.0,0.0,0.8,23.8
2020-04-17 09:43:02,13.7,4.2,0.0,81.1,0.0,0.0,0.0,1.1
2020-04-17 09:44:01,20.7,3.6,0.0,64.9,0.0,0.0,0.0,10.8
2020-04-17 09:45:01,42.4,8.5,0.0,31.4,0.0,0.0,0.0,17.8
2020-04-17 09:46:02,16.4,9.4,0.0,47.7,0.0,0.0,0.0,26.6
2020-04-17 09:47:01,20.0,4.3,0.0,59.1,0.0,0.0,0.9,15.7
2020-04-17 09:48:01,15.0,2.9,0.0,52.9,0.0,0.0,0.0,29.3
2020-04-17 09:49:02,14.3,5.0,0.0,34.3,0.0,0.0,0.7,45.7
2020-04-17 09:50:01,16.0,5.7,0.0,70.8,0.0,0.0,1.9,5.7
2020-04-17 09:51:01,23.2,5.1,0.0,69.7,0.0,0.0,0.0,2.0
2020-04-17 09:52:01,15.3,4.3,0.0,33.7,0.0,0.0,0.0,46.6
2020-04-17 09:53:01,25.7,1.9,0.0,64.8,0.0,0.0,0.0,7.6
2020-04-17 09:54:01,20.4,4.9,0.0,71.8,0.0,0.0,1.9,1.0
2020-04-17 09:55:01,22.3,7.4,0.0,44.6,5.0,0.0,0.0,20.7
2020-04-17 09:56:01,24.2,10.0,0.0,51.7,1.7,0.0,0.0,12.5
2020-04-17 09:57:01,17.6,5.2,0.0,41.8,0.0,0.0,1.3,34.0
2020-04-17 09:58:01,15.7,5.7,0.0,47.1,0.0,0.0,0.0,31.4
2020-04-17 09:59:02,21.8,4.5,0.0,43.6,10.5,0.0,0.0,19.5
2020-04-17 10:00:01,31.0,9.7,0.0,30.1,7.1,0.0,0.0,22.1
2020-04-17 10:01:02,19.1,6.9,0.0,50.4,0.0,0.0,0.8,22.9
2020-04-17 10:02:01,22.2,5.1,0.0,39.3,3.4,0.0,1.7,28.2
2020-04-17 10:03:01,21.2,4.8,0.0,66.3,0.0,0.0,1.0,6.7
2020-04-17 10:04:01,16.7,6.8,0.0,50.0,0.0,0.0,0.0,26.5
2020-04-17 10:05:02,21.1,7.3,0.0,52.0,0.0,0.0,0.0,19.5
2020-04-17 10:06:01,15.9,5.3,0.0,59.3,0.0,0.0,0.9,18.6
2020-04-17 10:07:02,23.8,6.9,0.0,31.9,0.0,0.0,0.0,37.5
2020-04-17 10:08:01,22.6,5.7,0.0,61.3,0.0,0.0,0.9,9.4
2020-04-17 10:09:01,22.0,7.3,0.0,46.3,2.4,0.0,0.0,22.0
2020-04-17 10:10:01,23.8,8.5,0.0,31.5,0.0,0.0,0.8,35.4
2020-04-17 10:11:01,22.2,4.3,0.0,53.8,0.0,0.0,0.0,19.7
2020-04-17 10:12:02,20.4,5.8,0.0,68.0,0.0,0.0,1.0,4.9
2020-04-17 10:13:01,22.6,2.4,0.0,49.2,0.0,0.0,0.8,25.0
2020-04-17 10:14:01,23.3,4.0,0.0,36.0,0.0,0.0,0.0,36.7
2020-04-17 10:15:02,18.0,5.5,0.0,13.7,0.0,0.0,0.8,62.0
2020-04-17 10:16:01,15.0,5.3,0.0,67.3,0.0,0.0,0.9,11.5
2020-04-17 10:17:01,19.1,5.2,0.0,61.7,0.0,0.0,0.0,13.9
2020-04-17 10:18:01,17.6,4.4,0.0,54.4,0.0,0.0,2.2,21.3
2020-04-17 10:19:01,21.6,5.9,0.0,71.6,0.0,0.0,1.0,0.0
2020-04-17 10:20:01,18.0,3.6,0.0,54.5,0.0,0.0,0.6,23.4
2020-04-17 10:21:01,22.3,4.5,0.0,61.6,0.0,0.0,0.0,11.6
2020-04-17 10:22:02,17.2,6.0,0.0,56.9,0.0,0.0,0.0,19.8
2020-04-17 10:23:01,21.4,6.2,0.0,62.5,0.0,0.0,0.9,8.9
2020-04-17 10:24:01,33.0,3.8,0.0,39.6,0.0,0.0,0.0,23.6
2020-04-17 10:25:01,20.6,0.9,0.0,65.4,0.0,0.0,0.0,13.1
2020-04-17 10:26:01,17.9,4.5,0.0,40.4,0.0,0.0,0.0,37.2
2020-04-17 10:27:02,14.9,3.2,0.0,80.9,0.0,0.0,1.1,0.0
2020-04-17 10:28:01,21.0,3.0,0.0,75.0,0.0,0.0,0.0,1.0
2020-04-17 10:29:01,21.2,4.4,0.0,40.6,1.2,0.0,0.0,32.5
2020-04-17 10:30:02,38.5,10.8,0.0,14.6,0.0,0.0,0.8,35.4
2020-04-17 10:31:01,16.7,3.5,0.0,58.3,0.0,0.0,0.7,20.8
2020-04-17 10:32:01,16.3,8.7,0.0,65.4,0.0,0.0,1.0,8.7
2020-04-17 10:33:02,20.0,4.3,0.0,60.9,0.0,0.0,1.7,13.0
2020-04-17 10:34:01,19.6,4.1,0.0,74.2,0.0,0.0,1.0,1.0
2020-04-17 10:35:01,26.7,6.9,0.0,63.4,0.0,0.0,0.0,3.0
2020-04-17 10:36:01,24.8,6.2,0.0,34.9,0.0,0.0,0.8,33.3
2020-04-17 10:37:02,20.6,5.9,0.0,71.6,0.0,0.0,0.0,2.0
2020-04-17 10:38:01,16.7,4.0,0.0,68.3,0.0,0.0,0.0,11.1
2020-04-17 10:39:01,25.6,9.0,0.0,42.9,0.0,0.0,0.8,21.8
2020-04-17 10:40:02,17.5,3.3,0.0,25.7,0.0,0.0,0.0,53.6
2020-04-17 10:41:01,17.0,7.5,0.0,70.8,0.0,0.0,0.0,4.7
2020-04-17 10:42:01,21.5,4.7,0.0,63.6,0.0,0.0,0.0,10.3
2020-04-17 10:43:02,18.0,6.0,0.0,75.0,0.0,0.0,0.0,1.0
2020-04-17 10:44:01,19.2,5.1,0.0,73.7,0.0,0.0,1.0,1.0
2020-04-17 10:45:01,28.1,15.6,0.0,22.2,0.0,0.0,0.7,33.3
2020-04-17 10:46:01,21.2,10.1,0.0,68.7,0.0,0.0,0.0,0.0
2020-04-17 10:47:01,22.0,6.0,0.0,71.0,0.0,0.0,1.0,0.0
2020-04-17 10:48:01,26.3,5.1,0.0,63.6,0.0,0.0,1.0,4.0
2020-04-17 10:49:01,16.1,6.5,0.0,47.6,0.0,0.0,0.0,29.8
2020-04-17 10:50:02,17.4,3.8,0.0,34.8,0.0,0.0,0.0,43.9
2020-04-17 10:51:01,26.8,6.3,0.0,52.8,0.8,0.0,0.0,13.4
2020-04-17 10:52:02,27.8,6.0,0.0,42.1,0.0,0.0,0.8,23.3
2020-04-17 10:53:01,24.3,2.9,0.0,69.9,0.0,0.0,0.0,2.9
2020-04-17 10:54:01,26.5,3.4,0.0,62.4,0.0,0.0,0.9,6.8
2020-04-17 10:55:02,12.5,7.9,0.0,29.6,0.7,0.0,0.0,49.3
2020-04-17 10:56:02,19.0,6.6,0.0,43.0,2.5,0.0,0.0,28.9
2020-04-17 10:57:01,15.4,6.8,0.0,32.7,0.0,0.0,0.6,44.4
2020-04-17 10:58:01,19.7,5.8,0.0,46.7,0.0,0.0,0.0,27.7
2020-04-17 10:59:02,24.8,6.7,0.0,53.3,0.0,0.0,0.0,15.2
2020-04-17 11:00:01,21.2,7.5,0.0,13.2,3.3,0.0,0.0,54.7
2020-04-17 11:01:02,20.0,8.6,0.0,27.1,0.0,0.0,0.0,44.3
2020-04-17 11:02:01,17.8,5.5,0.0,43.8,0.0,0.0,0.7,32.2
2020-04-17 11:03:01,23.5,7.0,0.0,53.9,0.9,0.0,1.7,13.0
2020-04-17 11:04:02,21.2,3.4,0.0,47.5,0.8,0.0,0.8,26.3
2020-04-17 11:05:01,22.8,7.0,0.0,53.5,0.0,0.0,0.9,15.8
2020-04-17 11:06:01,18.3,3.7,0.0,20.7,0.0,0.0,1.2,56.1
2020-04-17 11:07:02,22.2,6.3,0.0,44.4,0.0,0.0,0.0,27.0
2020-04-17 11:08:01,22.4,7.8,0.0,57.8,0.0,0.0,0.0,12.1
2020-04-17 11:09:01,23.1,9.9,0.0,44.6,0.8,0.0,1.7,19.8
2020-04-17 11:10:02,19.3,8.1,0.0,34.1,0.0,0.0,2.2,36.3
2020-04-17 11:11:01,15.7,5.9,0.0,76.5,0.0,0.0,1.0,1.0
2020-04-17 11:12:01,14.3,6.7,0.0,47.1,0.0,0.0,0.0,31.9
2020-04-17 11:13:01,16.3,2.6,0.0,39.2,0.7,0.0,0.7,40.5
2020-04-17 11:14:02,14.4,3.3,0.0,48.4,0.0,0.0,0.0,34.0
2020-04-17 11:15:01,40.2,16.8,0.0,37.4,0.0,0.0,0.0,5.6
2020-04-17 11:16:01,24.5,4.5,0.0,64.5,0.0,0.0,1.8,4.5
2020-04-17 11:17:01,17.2,8.6,0.0,51.7,0.0,0.0,0.0,22.4
2020-04-17 11:18:02,29.1,7.1,0.0,33.1,0.0,0.0,0.8,29.9
2020-04-17 11:19:01,14.4,4.0,0.0,52.0,0.0,0.0,0.0,29.6
2020-04-17 11:20:01,19.5,3.1,0.0,52.2,0.0,0.0,0.0,25.2
2020-04-17 11:21:01,23.4,5.5,0.0,54.7,0.0,0.0,0.0,16.4
2020-04-17 11:22:01,22.8,4.0,0.0,71.3,0.0,0.0,1.0,1.0
2020-04-17 11:23:01,14.7,6.0,0.0,62.1,0.0,0.0,0.0,17.2
2020-04-17 11:24:01,20.0,5.5,0.0,60.9,0.0,0.0,1.8,11.8
2020-04-17 11:25:01,21.6,5.9,0.0,64.7,0.0,0.0,1.0,6.9
2020-04-17 11:26:01,17.3,5.1,0.0,76.5,0.0,0.0,1.0,0.0
2020-04-17 11:27:02,17.3,5.0,0.0,44.6,1.4,0.0,0.0,31.7
2020-04-17 11:28:01,14.7,2.9,0.0,77.5,0.0,0.0,1.0,3.9
2020-04-17 11:29:01,13.0,6.0,0.0,81.0,0.0,0.0,0.0,0.0
2020-04-17 11:30:01,30.7,11.0,0.0,29.1,0.0,0.0,0.8,28.3
2020-04-17 11:31:01,18.2,7.3,0.0,65.5,0.0,0.0,0.9,8.2
2020-04-17 11:32:02,22.0,3.7,0.0,68.8,0.0,0.0,0.9,4.6
2020-04-17 11:33:01,17.5,5.2,0.0,75.3,0.0,0.0,0.0,2.1
2020-04-17 11:34:01,16.5,6.6,0.0,59.5,0.0,0.0,0.8,16.5
2020-04-17 11:35:01,19.1,5.3,0.0,48.1,0.0,0.0,0.0,27.5
2020-04-17 11:36:02,15.3,6.1,0.0,29.0,0.0,0.0,0.0,49.6
2020-04-17 11:37:01,19.3,5.5,0.0,69.7,0.0,0.0,0.9,4.6
2020-04-17 11:38:01,20.2,4.6,0.0,66.1,0.0,0.0,0.9,8.3
2020-04-17 11:39:02,18.9,11.5,0.0,33.8,0.0,0.0,0.7,35.1
2020-04-17 11:40:01,21.0,2.9,0.0,73.3,0.0,0.0,2.9,0.0
2020-04-17 11:41:01,17.8,4.7,0.0,71.0,0.0,0.0,0.9,5.6
2020-04-17 11:42:01,16.5,6.1,0.0,76.5,0.0,0.0,0.0,0.9
2020-04-17 11:43:01,16.2,6.0,0.0,63.2,0.0,0.0,0.0,14.5
2020-04-17 11:44:02,14.4,6.6,0.0,43.1,0.0,0.0,0.6,35.4
2020-04-17 11:45:01,33.6,11.5,0.0,35.2,0.0,0.0,0.0,19.7
2020-04-17 11:46:01,19.4,4.8,0.0,59.7,0.0,0.0,0.0,16.1
2020-04-17 11:47:01,20.0,7.5,0.0,55.0,0.0,0.0,0.8,16.7
2020-04-17 11:48:01,17.3,4.8,0.0,72.1,0.0,0.0,0.0,5.8
2020-04-17 11:49:01,16.4,5.5,0.0,65.5,0.0,0.0,0.9,11.8
2020-04-17 11:50:02,12.1,5.7,0.0,17.8,0.0,0.0,1.1,63.2
2020-04-17 11:51:01,16.5,5.8,0.0,73.8,0.0,0.0,0.0,3.9
2020-04-17 11:52:02,15.6,5.7,0.0,66.4,0.8,0.0,0.8,10.7
2020-04-17 11:53:01,20.0,4.0,0.0,72.0,0.0,0.0,0.0,4.0
2020-04-17 11:54:01,15.2,5.1,0.0,79.8,0.0,0.0,0.0,0.0
2020-04-17 11:55:01,18.2,15.9,0.0,27.8,0.6,0.0,0.0,37.5
2020-04-17 11:56:01,16.0,4.0,0.0,49.6,5.6,0.0,0.0,24.8
2020-04-17 11:57:01,17.2,8.6,0.0,62.9,0.0,0.0,0.9,10.3
2020-04-17 11:58:01,16.5,3.1,0.0,80.4,0.0,0.0,0.0,0.0
2020-04-17 11:59:02,16.3,5.2,0.0,57.8,0.0,0.0,0.7,20.0
2020-04-17 12:00:01,25.4,12.3,0.0,26.9,10.8,0.0,0.0,24.6
2020-04-17 12:01:01,17.8,5.0,0.0,77.2,0.0,0.0,0.0,0.0
2020-04-17 12:02:01,17.8,4.0,0.0,74.3,0.0,0.0,0.0,4.0
2020-04-17 12:03:01,19.6,3.9,0.0,71.6,0.0,0.0,1.0,3.9
2020-04-17 12:04:01,17.6,5.9,0.0,50.7,0.0,0.0,0.7,25.0
2020-04-17 12:05:01,18.8,6.0,0.0,54.9,0.0,0.0,0.0,20.3
2020-04-17 12:06:01,18.8,7.1,0.0,62.5,0.0,0.0,1.8,9.8
2020-04-17 12:07:02,17.2,5.1,0.0,73.7,0.0,0.0,0.0,4.0
2020-04-17 12:08:01,12.6,3.2,0.0,83.2,0.0,0.0,1.1,0.0
2020-04-17 12:09:01,19.4,11.7,0.0,62.1,1.9,0.0,1.0,3.9
2020-04-17 12:10:01,15.8,2.8,0.0,46.3,0.0,0.0,0.0,35.0
2020-04-17 12:11:02,16.2,4.9,0.0,50.0,0.7,0.0,0.0,28.2
2020-04-17 12:12:01,18.6,3.9,0.0,75.5,0.0,0.0,0.0,2.0
2020-04-17 12:13:01,17.5,4.9,0.0,74.8,0.0,0.0,0.0,2.9
2020-04-17 12:14:01,20.0,7.6,0.0,66.7,0.0,0.0,1.0,4.8
2020-04-17 12:15:02,25.8,7.0,0.0,6.2,0.0,0.0,0.8,60.2
2020-04-17 12:16:01,12.6,7.8,0.0,77.7,0.0,0.0,1.0,1.0
2020-04-17 12:17:01,21.8,5.5,0.0,65.5,0.0,0.0,0.9,6.4
2020-04-17 12:18:01,18.7,9.3,0.0,37.3,0.0,0.0,0.7,34.0
2020-04-17 12:19:01,21.2,6.7,0.0,71.2,0.0,0.0,1.0,0.0
2020-04-17 12:20:01,14.2,6.0,0.0,50.0,0.0,0.0,0.7,29.1
2020-04-17 12:21:01,15.7,4.1,0.0,61.2,0.0,0.0,1.7,17.4
2020-04-17 12:22:01,22.8,7.9,0.0,56.1,0.0,0.0,1.8,11.4
2020-04-17 12:23:01,20.4,3.9,0.0,67.0,0.0,0.0,1.0,7.8
2020-04-17 12:24:01,20.2,5.5,0.0,66.1,0.0,0.0,0.0,8.3
2020-04-17 12:25:01,19.5,6.5,0.0,48.8,0.0,0.0,0.8,24.4
2020-04-17 12:26:02,17.1,3.1,0.0,46.6,0.0,0.0,0.5,32.6
2020-04-17 12:27:01,15.4,4.1,0.0,54.5,0.0,0.0,0.8,25.2
2020-04-17 12:28:01,23.4,3.7,0.0,62.6,0.0,0.0,0.0,10.3
2020-04-17 12:29:02,21.8,4.5,0.0,61.8,0.0,0.0,0.0,11.8
2020-04-17 12:30:01,39.4,16.5,0.0,37.6,0.0,0.0,0.0,6.4
2020-04-17 12:31:01,16.5,4.9,0.0,74.8,0.0,0.0,1.0,2.9
2020-04-17 12:32:02,16.0,6.9,0.0,41.1,3.4,0.0,1.1,31.4
2020-04-17 12:33:01,15.9,5.6,0.0,72.0,0.0,0.0,0.0,6.5
2020-04-17 12:34:01,15.8,5.0,0.0,77.2,0.0,0.0,0.0,2.0
2020-04-17 12:35:01,18.1,3.9,0.0,55.1,0.0,0.0,0.8,22.0
2020-04-17 12:36:02,16.8,6.5,0.0,37.4,0.0,0.0,0.6,38.7
2020-04-17 12:37:01,21.8,3.0,0.0,70.3,2.0,0.0,1.0,2.0
2020-04-17 12:38:01,17.9,5.1,0.0,62.4,0.0,0.0,0.9,13.7
2020-04-17 12:39:02,16.0,5.3,0.0,50.4,0.0,0.0,0.0,28.2
2020-04-17 12:40:01,17.7,4.6,0.0,33.1,0.0,0.0,0.0,44.6
2020-04-17 12:41:01,16.9,3.4,0.0,63.6,0.0,0.0,0.0,16.1
2020-04-17 12:42:02,16.9,6.8,0.0,61.9,0.0,0.0,0.8,13.6
2020-04-17 12:43:01,18.4,6.1,0.0,59.6,0.0,0.0,0.0,15.8
2020-04-17 12:44:01,20.7,2.2,0.0,47.4,0.0,0.0,0.7,28.9
2020-04-17 12:45:02,24.2,6.8,0.0,12.1,0.0,0.0,0.0,56.8
2020-04-17 12:46:01,16.8,5.6,0.0,71.0,0.0,0.0,0.0,6.5
2020-04-17 12:47:02,16.8,6.4,0.0,48.8,0.0,0.0,0.0,28.0
2020-04-17 12:48:01,13.3,1.6,0.0,62.5,0.0,0.0,0.0,22.7
2020-04-17 12:49:01,17.1,5.4,0.0,55.0,0.0,0.0,0.0,22.5
2020-04-17 12:50:02,20.5,6.6,0.0,15.6,0.0,0.0,0.0,57.4
2020-04-17 12:51:01,19.1,7.0,0.0,62.6,0.0,0.0,1.7,9.6
2020-04-17 12:52:01,14.9,5.8,0.0,47.1,0.0,0.0,0.8,31.4
2020-04-17 12:53:02,18.0,3.3,0.0,54.9,0.0,0.0,0.8,23.0
2020-04-17 12:54:02,17.6,7.6,0.0,50.4,0.0,0.0,0.0,24.4
2020-04-17 12:55:01,21.2,19.2,0.0,55.8,1.0,0.0,0.0,2.9
2020-04-17 12:56:02,16.0,6.4,0.0,57.6,3.2,0.0,0.8,16.0
2020-04-17 12:57:01,18.5,5.9,0.0,55.5,0.0,0.0,0.8,19.3
2020-04-17 12:58:01,19.8,6.6,0.0,64.2,0.0,0.0,0.9,8.5
2020-04-17 12:59:01,20.6,4.7,0.0,71.0,0.0,0.0,0.9,2.8
2020-04-17 13:00:02,20.7,5.5,0.0,15.2,2.4,0.0,0.6,55.5
2020-04-17 13:01:01,19.1,4.5,0.0,69.1,0.0,0.0,0.9,6.4
2020-04-17 13:02:01,18.8,7.4,0.0,36.2,0.0,0.0,0.7,36.9
2020-04-17 13:03:01,17.7,7.1,0.0,42.5,0.0,0.0,0.0,32.7
2020-04-17 13:04:02,21.3,4.7,0.0,53.5,0.0,0.0,0.0,20.5
2020-04-17 13:05:01,19.5,5.3,0.0,51.1,0.0,0.0,0.0,24.1
2020-04-17 13:06:01,17.5,4.8,0.0,53.2,0.0,0.0,0.8,23.8
2020-04-17 13:07:01,16.7,6.7,0.0,52.5,0.0,0.0,0.8,23.3
2020-04-17 13:08:02,20.0,6.4,0.0,43.2,0.0,0.0,1.6,28.8
2020-04-17 13:09:01,22.7,11.3,0.0,64.9,1.0,0.0,0.0,0.0
2020-04-17 13:10:01,23.9,8.3,0.0,56.9,0.0,0.0,0.9,10.1
2020-04-17 13:11:02,11.9,5.0,0.0,29.7,0.0,0.0,0.5,53.0
2020-04-17 13:12:01,16.0,5.0,0.0,78.0,0.0,0.0,1.0,0.0
2020-04-17 13:13:01,23.9,6.0,0.0,51.3,0.0,0.0,0.9,17.9
2020-04-17 13:14:01,17.6,6.9,0.0,71.6,0.0,0.0,0.0,3.9
2020-04-17 13:15:02,27.3,11.6,0.0,11.6,0.0,0.0,0.0,49.6
2020-04-17 13:16:02,17.9,6.6,0.0,46.4,0.0,0.0,0.0,29.1
2020-04-17 13:17:01,16.0,5.7,0.0,69.8,0.0,0.0,0.9,7.5
2020-04-17 13:18:01,18.0,5.0,0.0,76.0,0.0,0.0,0.0,1.0
2020-04-17 13:19:01,14.7,4.7,0.0,42.7,0.0,0.0,0.0,38.0
2020-04-17 13:20:02,20.8,5.4,0.0,42.3,0.0,0.0,0.0,31.5
2020-04-17 13:21:01,17.3,6.1,0.0,75.5,0.0,0.0,0.0,1.0
2020-04-17 13:22:01,21.1,3.7,0.0,64.2,0.0,0.0,0.9,10.1
2020-04-17 13:23:01,19.2,3.8,0.0,70.2,0.0,0.0,1.0,5.8
2020-04-17 13:24:01,22.0,7.0,0.0,70.0,0.0,0.0,0.0,1.0
2020-04-17 13:25:02,19.7,5.7,0.0,35.2,0.0,0.0,0.8,38.5
2020-04-17 13:26:01,25.0,2.8,0.0,54.6,0.0,0.0,0.9,16.7
2020-04-17 13:27:01,22.1,4.8,0.0,54.8,0.0,0.0,0.0,18.3
2020-04-17 13:28:02,22.4,3.4,0.0,62.9,0.0,0.0,0.0,11.2
2020-04-17 13:29:01,20.0,4.2,0.0,75.8,0.0,0.0,0.0,0.0
2020-04-17 13:30:01,34.2,9.2,0.0,22.5,0.0,0.0,0.0,34.2
2020-04-17 13:31:01,20.8,6.0,0.0,32.7,0.0,0.0,0.6,39.9
2020-04-17 13:32:01,19.7,4.5,0.0,50.8,0.0,0.0,0.0,25.0
2020-04-17 13:33:01,22.1,4.8,0.0,67.3,0.0,0.0,1.0,4.8
2020-04-17 13:34:01,18.2,4.1,0.0,41.2,0.0,0.0,0.7,35.8
2020-04-17 13:35:02,19.6,2.1,0.0,76.3,0.0,0.0,0.0,2.1
2020-04-17 13:36:01,20.2,5.8,0.0,65.4,0.0,0.0,0.0,8.7
2020-04-17 13:37:01,20.5,5.5,0.0,59.1,0.0,0.0,0.8,14.2
2020-04-17 13:38:01,30.2,5.2,0.0,64.6,0.0,0.0,0.0,0.0
2020-04-17 13:39:02,26.8,10.2,0.0,28.3,0.0,0.0,0.8,33.9
2020-04-17 13:40:01,19.8,6.1,0.0,42.7,0.0,0.0,0.0,31.3
2020-04-17 13:41:01,27.3,6.1,0.0,63.6,0.0,0.0,0.0,3.0
2020-04-17 13:42:01,19.1,6.4,0.0,66.4,0.0,0.0,1.8,6.4
2020-04-17 13:43:02,38.1,3.8,0.0,52.4,0.0,0.0,1.0,4.8
2020-04-17 13:44:01,41.6,5.0,0.0,53.5,0.0,0.0,0.0,0.0
2020-04-17 13:45:01,34.6,15.9,0.0,15.0,0.0,0.0,0.0,34.6
2020-04-17 13:46:01,50.0,6.7,0.0,42.3,0.0,0.0,0.0,1.0
2020-04-17 13:47:01,19.7,6.0,0.0,44.4,0.0,0.0,0.9,29.1
2020-04-17 13:48:01,42.2,5.9,0.0,50.0,0.0,0.0,1.0,1.0
2020-04-17 13:49:02,19.4,4.0,0.0,41.9,0.0,0.0,0.8,33.9
2020-04-17 13:50:01,22.4,6.5,0.0,56.1,0.0,0.0,0.9,14.0
2020-04-17 13:51:01,21.4,3.4,0.0,53.0,0.0,0.0,1.7,20.5
2020-04-17 13:52:02,21.4,5.1,0.0,46.2,0.0,0.0,0.9,26.5
2020-04-17 13:53:01,20.2,3.2,0.0,76.6,0.0,0.0,0.0,0.0
2020-04-17 13:54:01,23.3,3.9,0.0,69.9,0.0,0.0,0.0,2.9
2020-04-17 13:55:01,16.3,8.1,0.0,20.3,4.1,0.0,0.8,50.4
2020-04-17 13:56:01,24.8,4.8,0.0,63.8,1.9,0.0,0.0,4.8
2020-04-17 13:57:01,21.4,7.1,0.0,69.4,0.0,0.0,2.0,0.0
2020-04-17 13:58:02,18.0,7.8,0.0,37.5,0.0,0.0,0.8,35.9
2020-04-17 13:59:01,17.5,4.9,0.0,72.8,0.0,0.0,0.0,4.9
2020-04-17 14:00:01,26.5,12.1,0.0,22.0,5.3,0.0,1.5,32.6
2020-04-17 14:01:02,14.9,5.7,0.0,33.1,0.0,0.0,0.6,45.7
2020-04-17 14:02:01,26.7,7.6,0.0,64.8,0.0,0.0,1.0,0.0
2020-04-17 14:03:01,20.3,5.6,0.0,39.9,0.0,0.0,0.0,34.3
2020-04-17 14:04:01,17.3,5.5,0.0,52.0,0.0,0.0,0.0,25.2
2020-04-17 14:05:02,14.1,3.7,0.0,31.3,0.0,0.0,0.6,50.3
2020-04-17 14:06:01,21.0,5.6,0.0,40.3,1.6,0.0,0.8,30.6
2020-04-17 14:07:02,28.6,3.1,0.0,60.2,0.0,0.0,1.0,7.1
2020-04-17 14:08:01,23.5,2.9,0.0,66.7,0.0,0.0,0.0,6.9
2020-04-17 14:09:01,23.0,11.1,0.0,29.4,3.2,0.0,1.6,31.7
2020-04-17 14:10:01,17.7,7.1,0.0,61.9,0.0,0.0,1.8,11.5
2020-04-17 14:11:01,24.3,4.7,0.0,64.5,0.0,0.0,0.9,5.6
2020-04-17 14:12:01,21.5,5.2,0.0,42.2,0.0,0.0,0.7,30.4
2020-04-17 14:13:01,20.4,5.1,0.0,73.5,0.0,0.0,0.0,1.0
2020-04-17 14:14:02,21.0,5.7,0.0,71.4,0.0,0.0,0.0,1.9
2020-04-17 14:15:01,35.1,14.9,0.0,17.9,0.0,0.0,0.7,31.3
2020-04-17 14:16:01,27.0,7.2,0.0,61.3,0.0,0.0,3.6,0.9
2020-04-17 14:17:02,31.8,3.8,0.0,39.4,0.0,0.0,0.8,24.2
2020-04-17 14:18:01,20.0,4.0,0.0,74.0,0.0,0.0,0.0,2.0
2020-04-17 14:19:01,18.6,4.1,0.0,77.3,0.0,0.0,0.0,0.0
2020-04-17 14:20:01,18.4,7.1,0.0,73.5,0.0,0.0,0.0,1.0
2020-04-17 14:21:02,18.2,2.7,0.0,65.5,0.0,0.0,2.7,10.9
2020-04-17 14:22:01,17.6,12.6,0.0,42.0,0.0,0.0,0.8,26.9
2020-04-17 14:23:01,20.0,7.5,0.0,50.8,0.0,0.0,1.7,20.0
2020-04-17 14:24:01,20.8,4.7,0.0,66.0,0.0,0.0,0.0,8.5
2020-04-17 14:25:02,18.9,4.5,0.0,61.3,0.0,0.0,0.0,15.3
2020-04-17 14:26:01,23.3,7.5,0.0,21.1,0.0,0.0,1.5,46.6
2020-04-17 14:27:01,20.1,6.0,0.0,38.8,0.0,0.0,0.7,34.3
2020-04-17 14:28:02,17.5,6.6,0.0,48.9,0.0,0.0,0.7,26.3
2020-04-17 14:29:01,19.4,4.9,0.0,72.8,0.0,0.0,0.0,2.9
2020-04-17 14:30:01,39.0,12.4,0.0,37.1,0.0,0.0,1.9,9.5
2020-04-17 14:31:01,19.2,4.8,0.0,70.2,0.0,0.0,1.0,4.8
2020-04-17 14:32:02,23.1,1.9,0.0,68.3,0.0,0.0,1.0,5.8
2020-04-17 14:33:01,20.0,3.3,0.0,34.0,0.0,0.0,0.0,42.7
2020-04-17 14:34:01,23.1,5.8,0.0,43.0,0.0,0.0,0.8,27.3
2020-04-17 14:35:02,16.5,6.3,0.0,38.6,0.0,0.0,0.8,37.8
2020-04-17 14:36:01,24.3,5.6,0.0,57.9,0.0,0.0,0.9,11.2
2020-04-17 14:37:01,25.6,4.1,0.0,47.9,0.0,0.0,1.7,20.7
2020-04-17 14:38:01,23.2,5.6,0.0,33.1,0.0,0.0,0.7,37.3
2020-04-17 14:39:01,27.5,9.8,0.0,57.8,1.0,0.0,2.0,2.0
2020-04-17 14:40:01,23.1,4.8,0.0,67.3,0.0,0.0,1.0,3.8
2020-04-17 14:41:01,18.9,5.7,0.0,68.9,0.0,0.0,0.9,5.7
2020-04-17 14:42:02,22.3,2.7,0.0,64.3,0.0,0.0,0.9,9.8
2020-04-17 14:43:01,16.0,5.0,0.0,77.0,0.0,0.0,1.0,1.0
2020-04-17 14:44:01,18.0,3.9,0.0,55.5,0.0,0.0,0.8,21.9
2020-04-17 14:45:01,30.2,10.9,0.0,10.9,0.0,0.0,0.0,48.1
2020-04-17 14:46:02,18.2,3.8,0.0,48.5,0.0,0.0,0.0,29.5
2020-04-17 14:47:01,18.0,9.0,0.0,53.3,0.0,0.0,0.8,18.9
2020-04-17 14:48:01,24.4,6.7,0.0,42.9,0.0,0.0,0.0,26.1
2020-04-17 14:49:02,24.3,4.7,0.0,48.6,0.0,0.0,0.7,21.6
2020-04-17 14:50:01,21.2,3.8,0.0,68.3,0.0,0.0,1.0,5.8
2020-04-17 14:51:01,20.4,7.6,0.0,43.9,0.0,0.0,0.6,27.4
2020-04-17 14:52:01,22.1,7.1,0.0,64.6,0.0,0.0,0.0,6.2
2020-04-17 14:53:02,20.0,5.4,0.0,55.4,0.0,0.0,0.0,19.2
2020-04-17 14:54:01,22.6,5.7,0.0,68.9,0.0,0.0,0.0,2.8
2020-04-17 14:55:01,18.9,12.6,0.0,31.1,1.1,0.0,0.5,35.8
2020-04-17 14:56:01,23.8,8.2,0.0,36.9,2.5,0.0,0.0,28.7
2020-04-17 14:57:01,18.8,5.3,0.0,36.8,0.0,0.0,0.0,39.1
2020-04-17 14:58:01,18.4,4.4,0.0,39.9,0.0,0.0,0.6,36.7
2020-04-17 14:59:01,22.5,4.9,0.0,69.6,0.0,0.0,0.0,2.9
2020-04-17 15:00:01,26.8,7.7,0.0,21.8,3.5,0.0,0.7,39.4
2020-04-17 15:01:02,20.0,5.0,0.0,35.6,0.0,0.0,0.0,39.4
2020-04-17 15:02:01,27.8,4.6,0.0,67.6,0.0,0.0,0.0,0.0
2020-04-17 15:03:01,26.2,6.8,0.0,65.0,0.0,0.0,0.0,1.9
2020-04-17 15:04:01,24.8,6.2,0.0,60.2,0.0,0.0,0.9,8.0
2020-04-17 15:05:02,24.6,4.1,0.0,48.4,0.0,0.0,0.0,23.0
2020-04-17 15:06:01,29.4,3.9,0.0,64.7,0.0,0.0,1.0,1.0
2020-04-17 15:07:01,30.1,3.9,0.0,62.1,0.0,0.0,1.0,2.9
2020-04-17 15:08:02,22.2,6.0,0.0,51.3,0.0,0.0,0.9,19.7
2020-04-17 15:09:01,33.3,9.5,0.0,50.5,1.0,0.0,1.9,3.8
2020-04-17 15:10:02,19.6,5.9,0.0,37.9,0.0,0.0,0.7,35.9
2020-04-17 15:11:01,26.7,3.8,0.0,65.7,0.0,0.0,1.9,1.9
2020-04-17 15:12:01,30.4,2.9,0.0,58.8,0.0,0.0,0.0,7.8
2020-04-17 15:13:01,27.3,3.9,0.0,47.7,0.0,0.0,1.6,19.5
2020-04-17 15:14:02,18.6,5.1,0.0,46.6,0.0,0.0,0.8,28.8
2020-04-17 15:15:01,41.5,8.5,0.0,23.8,0.0,0.0,0.0,26.2
2020-04-17 15:16:01,23.5,5.0,0.0,52.1,0.0,0.0,0.8,18.5
2020-04-17 15:17:02,21.2,3.8,0.0,44.2,0.0,0.0,0.6,30.1
2020-04-17 15:18:01,25.5,3.9,0.0,68.6,0.0,0.0,0.0,2.0
2020-04-17 15:19:01,22.0,4.7,0.0,40.0,0.0,0.0,0.7,32.7
2020-04-17 15:20:02,20.4,4.1,0.0,27.9,0.0,0.0,0.7,46.9
2020-04-17 15:21:01,25.4,5.2,0.0,49.3,0.0,0.0,0.7,19.4
2020-04-17 15:22:01,17.4,6.0,0.0,37.6,0.0,0.0,0.0,38.9
2020-04-17 15:23:02,24.6,4.3,0.0,47.8,0.0,0.0,1.4,21.7
2020-04-17 15:24:02,25.0,4.5,0.0,37.1,0.0,0.0,0.0,33.3
2020-04-17 15:25:01,26.9,4.6,0.0,66.7,0.0,0.0,0.0,1.9
2020-04-17 15:26:01,22.6,3.5,0.0,47.0,0.0,0.0,0.9,26.1
2020-04-17 15:27:01,18.4,6.1,0.0,75.5,0.0,0.0,0.0,0.0
2020-04-17 15:28:02,19.1,5.7,0.0,54.6,0.0,0.0,0.0,20.6
2020-04-17 15:29:01,17.5,3.9,0.0,73.8,0.0,0.0,1.0,3.9
2020-04-17 15:30:01,33.1,9.9,0.0,21.9,0.0,0.0,0.0,35.1
2020-04-17 15:31:01,17.6,4.8,0.0,43.2,0.0,0.0,0.8,33.6
2020-04-17 15:32:01,20.6,5.9,0.0,72.5,0.0,0.0,1.0,0.0
2020-04-17 15:33:01,22.8,3.9,0.0,55.1,0.0,0.0,0.0,18.1
2020-04-17 15:34:01,23.7,4.2,0.0,55.9,0.0,0.0,0.0,16.1
2020-04-17 15:35:02,27.4,6.0,0.0,42.7,0.0,0.0,0.0,23.9
2020-04-17 15:36:01,20.7,3.3,0.0,63.6,0.0,0.0,0.0,12.4
2020-04-17 15:37:01,17.4,4.8,0.0,41.9,0.0,0.0,1.2,34.7
2020-04-17 15:38:02,22.1,5.8,0.0,67.3,0.0,0.0,1.0,3.8
2020-04-17 15:39:01,28.2,13.7,0.0,35.9,0.0,0.0,0.8,21.4
2020-04-17 15:40:01,24.3,6.1,0.0,53.0,0.0,0.0,0.0,16.5
2020-04-17 15:41:01,23.4,7.0,0.0,47.7,0.0,0.0,0.8,21.1
2020-04-17 15:42:01,17.2,6.7,0.0,47.0,0.0,0.0,0.7,28.4
2020-04-17 15:43:01,24.4,6.7,0.0,50.4,0.0,0.0,0.0,18.5
2020-04-17 15:44:02,27.6,6.7,0.0,52.4,0.0,0.0,1.0,12.4
2020-04-17 15:45:01,44.2,14.9,0.0,22.1,0.0,0.0,0.6,18.2
2020-04-17 15:46:02,26.4,3.8,0.0,60.4,0.0,0.0,1.9,7.5
2020-04-17 15:47:01,22.7,5.0,0.0,56.3,0.0,0.0,1.7,14.3
2020-04-17 15:48:01,30.3,3.7,0.0,55.0,0.0,0.0,0.0,11.0
2020-04-17 15:49:01,30.5,4.8,0.0,60.0,0.0,0.0,0.0,4.8
2020-04-17 15:50:02,21.7,7.0,0.0,46.9,0.0,0.0,0.7,23.8
2020-04-17 15:51:01,30.6,3.1,0.0,66.3,0.0,0.0,0.0,0.0
2020-04-17 15:52:01,30.4,5.9,0.0,58.8,0.0,0.0,2.0,2.9
